Age,Height,Weight,Team_Albania,Team_Argentina,"Event_Swimming Men's 4,000 metres Freestyle",Event_Swimming Men's 440 yard Freestyle,Prediction,Actual
21.0,188.0,77.0,0,0,0,0,Gold,Silver
20.0,168.0,60.0,0,0,0,0,Silver,Silver
23.0,185.0,78.0,0,0,0,0,---,---
20.0,180.0,78.0,0,0,0,0,---,Gold
16.0,178.0,69.0,0,0,0,0,---,---
23.0,178.0,72.0,0,0,0,0,---,---
17.0,189.0,90.0,0,0,0,0,---,---
32.0,190.0,90.0,0,0,0,0,---,---
21.0,182.0,72.0,0,0,0,0,---,---
17.0,190.0,75.0,0,0,0,0,---,---
18.0,188.0,75.0,0,0,0,0,---,---
19.0,183.0,87.0,0,0,0,0,---,---
21.0,193.0,93.0,0,0,0,0,---,---
23.0,182.0,80.0,0,1,0,0,---,---
18.0,178.0,64.0,0,0,0,0,---,---
16.0,180.0,80.0,0,0,0,0,---,---
24.0,188.0,81.0,0,0,0,0,Silver,Silver
23.0,196.0,72.0,0,0,0,0,---,---
19.0,190.0,74.0,0,0,0,0,---,---
21.0,198.0,99.0,0,0,0,0,---,Silver
25.0,184.0,81.0,0,0,0,0,---,---
21.0,183.0,76.0,0,0,0,0,---,---
17.0,186.0,86.0,0,0,0,0,---,---
16.0,191.0,83.0,0,0,0,0,---,---
19.0,180.0,84.0,0,0,0,0,---,Silver
18.0,182.0,80.0,0,0,0,0,---,---
17.0,181.0,74.0,0,0,0,0,---,---
20.0,190.0,85.0,0,0,0,0,Silver,Silver
27.0,190.0,95.0,0,0,0,0,---,---
27.0,182.0,78.0,0,0,0,0,---,---
23.0,181.0,66.0,0,0,0,0,---,---
18.0,182.0,82.0,0,0,0,0,---,---
21.0,180.0,73.0,0,0,0,0,---,---
20.0,187.0,77.0,0,0,0,0,---,---
18.0,173.0,73.0,0,0,0,0,---,---
15.0,177.0,64.0,0,0,0,0,---,---
17.0,177.0,71.0,0,0,0,0,---,Bronze
20.0,177.0,73.0,0,0,0,0,---,---
18.0,180.0,75.0,0,0,0,0,---,---
18.0,187.0,77.0,0,0,0,0,---,---
28.0,203.0,92.0,0,0,0,0,---,---
23.0,182.0,76.0,0,0,0,0,---,Bronze
24.0,192.0,90.0,0,0,0,0,---,---
25.0,186.0,75.0,0,0,0,0,---,---
21.0,180.0,65.0,0,0,0,0,---,---
19.0,180.0,72.0,0,0,0,0,---,---
23.0,187.0,83.0,0,0,0,0,Gold,Gold
24.0,185.0,80.0,0,0,0,0,---,---
23.0,191.0,85.0,0,0,0,0,---,---
16.0,178.0,73.0,0,0,0,0,---,---
23.0,191.0,89.0,0,0,0,0,---,---
18.0,188.0,76.0,0,0,0,0,---,---
18.0,184.0,84.0,0,0,0,0,---,---
27.0,190.0,83.0,0,0,0,0,---,---
26.0,171.0,68.0,0,0,0,0,---,---
26.0,190.0,80.0,0,0,0,0,---,---
23.0,190.0,84.0,0,0,0,0,---,---
23.0,186.0,80.0,0,0,0,0,---,---
19.0,185.0,75.0,0,0,0,0,---,---
23.0,185.0,85.0,0,0,0,0,---,---
22.0,188.0,87.0,0,0,0,0,---,---
16.0,177.0,65.0,0,0,0,0,---,---
22.0,185.0,70.0,0,0,0,0,---,---
23.0,194.0,85.0,0,0,0,0,---,---
17.0,180.0,66.0,0,0,0,0,---,Silver
25.0,190.0,87.0,0,0,0,0,---,---
24.0,190.0,82.0,0,0,0,0,---,---
21.0,194.0,92.0,0,0,0,0,---,---
25.0,176.0,75.0,0,0,0,0,---,---
19.0,193.0,86.0,0,0,0,0,Silver,---
22.0,189.0,78.0,0,0,0,0,---,---
23.0,197.0,91.0,0,0,0,0,---,---
28.0,180.0,76.0,0,0,0,0,---,---
21.0,185.0,80.0,0,0,0,0,---,---
22.0,194.0,88.0,0,0,0,0,---,---
25.0,189.0,83.0,0,0,0,0,---,---
23.0,185.0,75.0,0,0,0,0,---,---
22.0,183.0,81.0,0,0,0,0,---,---
22.0,196.0,84.0,0,0,0,0,---,---
28.0,186.0,75.0,0,0,0,0,---,---
15.0,168.0,63.0,0,0,0,0,---,---
21.0,183.0,79.0,0,0,0,0,---,---
22.0,185.0,81.0,0,0,0,0,---,---
18.0,161.0,70.0,0,0,0,0,---,---
15.0,185.0,75.0,0,0,0,0,---,---
23.0,192.0,80.0,0,0,0,0,---,---
21.0,177.0,71.0,0,0,0,0,---,---
22.0,190.0,77.0,0,0,0,0,---,---
18.0,196.0,84.0,0,0,0,0,---,---
24.0,185.0,79.0,0,0,0,0,---,---
17.0,183.0,78.0,0,0,0,0,---,---
19.0,162.0,64.0,0,0,0,0,---,---
24.0,188.0,70.0,0,0,0,0,---,---
22.0,184.0,71.0,0,0,0,0,---,---
23.0,188.0,78.0,0,0,0,0,---,---
23.0,180.0,75.0,0,0,0,0,---,Gold
20.0,184.0,75.0,0,0,0,0,---,---
17.0,178.0,64.0,0,0,0,0,---,---
21.0,175.0,73.0,0,0,0,0,---,---
16.0,177.0,82.0,0,0,0,0,---,---
23.0,178.0,74.0,0,0,0,0,---,---
26.0,193.0,80.0,0,0,0,0,Silver,Silver
20.0,179.0,68.0,0,0,0,0,---,---
27.0,192.0,89.0,0,0,0,0,---,---
28.0,180.0,76.0,0,0,0,0,---,---
21.0,193.0,89.0,0,0,0,0,---,Silver
22.0,184.0,77.0,0,0,0,0,---,Bronze
21.0,192.0,85.0,0,0,0,0,---,---
18.0,184.0,70.0,0,0,0,0,---,---
21.0,187.0,70.0,0,0,0,0,---,---
18.0,184.0,84.0,0,0,0,0,---,---
18.0,198.0,97.0,0,0,0,0,Gold,Silver
19.0,178.0,65.0,0,1,0,0,---,---
19.0,182.0,79.0,0,0,0,0,---,---
26.0,192.0,87.0,0,0,0,0,---,---
19.0,185.0,77.0,0,0,0,0,---,---
23.0,190.0,79.0,0,0,0,0,---,---
21.0,162.0,75.0,0,0,0,0,---,---
19.0,185.0,78.0,0,0,0,0,---,---
23.0,180.0,76.0,0,0,0,0,---,Silver
23.0,178.0,74.0,0,0,0,0,---,---
21.0,191.0,82.0,0,0,0,0,---,---
21.0,185.0,75.0,0,0,0,0,---,---
16.0,185.0,83.0,0,0,0,0,---,---
23.0,196.0,95.0,0,0,0,0,---,---
19.0,182.0,79.0,0,0,0,0,---,---
21.0,196.0,88.0,0,0,0,0,---,Silver
20.0,190.0,83.0,0,0,0,0,---,---
24.0,183.0,83.0,0,0,0,0,---,---
22.0,176.0,61.0,0,0,0,0,---,---
20.0,170.0,65.0,0,0,0,0,---,---
17.0,186.0,78.0,0,0,0,0,---,---
23.0,157.0,64.0,0,0,0,0,---,---
19.0,188.0,85.0,0,0,0,0,---,---
20.0,179.0,70.0,0,0,0,0,---,---
22.0,185.0,80.0,0,0,0,0,---,---
18.0,194.0,90.0,0,0,0,0,---,---
25.0,188.0,72.0,0,0,0,0,---,---
22.0,192.0,87.0,0,0,0,0,---,---
19.0,187.0,72.0,0,0,0,0,---,---
21.0,175.0,65.0,0,0,0,0,---,---
27.0,187.0,87.0,0,0,0,0,---,---
19.0,178.0,68.0,0,0,0,0,---,---
24.0,182.0,81.0,0,0,0,0,---,---
30.0,186.0,85.0,0,0,0,0,---,---
15.0,176.0,63.0,0,0,0,0,---,---
30.0,187.0,100.0,0,0,0,0,---,---
22.0,193.0,80.0,0,0,0,0,---,Bronze
15.0,183.0,67.0,0,0,0,0,---,---
19.0,190.0,74.0,0,0,0,0,---,---
28.0,185.0,85.0,0,0,0,0,---,---
22.0,196.0,82.0,0,0,0,0,---,---
18.0,169.0,60.0,0,0,0,0,---,---
25.0,183.0,81.0,0,0,0,0,---,---
18.0,180.0,73.0,0,0,0,0,---,---
27.0,195.0,82.0,0,0,0,0,---,---
19.0,180.0,77.0,0,0,0,0,---,---
22.0,176.0,70.0,0,0,0,0,---,---
19.0,188.0,81.0,0,0,0,0,---,---
19.0,188.0,84.0,0,0,0,0,---,Silver
24.0,184.0,75.0,0,0,0,0,---,---
21.0,183.0,75.0,0,0,0,0,---,---
25.0,189.0,78.0,0,0,0,0,---,---
22.0,178.0,64.0,0,0,0,0,---,Silver
24.0,195.0,84.0,0,0,0,0,Bronze,Bronze
22.0,182.0,70.0,0,0,0,0,---,---
23.0,190.0,84.0,0,0,0,0,---,---
28.0,194.0,85.0,0,0,0,0,---,---
24.0,183.0,78.0,0,0,0,0,---,---
19.0,176.0,69.0,0,0,0,0,---,---
17.0,185.0,77.0,0,0,0,0,---,---
18.0,182.0,72.0,0,0,0,0,---,---
19.0,183.0,80.0,0,0,0,0,---,---
26.0,185.0,82.0,0,0,0,0,---,---
15.0,182.0,68.0,0,0,0,0,---,---
30.0,197.0,97.0,0,0,0,0,---,---
18.0,188.0,78.0,0,0,0,0,---,---
23.0,179.0,73.0,0,0,0,0,---,---
26.0,193.0,87.0,0,0,0,0,---,---
22.0,180.0,79.0,0,0,0,0,Gold,Gold
21.0,182.0,76.0,0,0,0,0,---,---
21.0,182.0,74.0,0,0,0,0,---,---
23.0,190.0,80.0,0,0,0,0,---,---
17.0,189.0,74.0,0,0,0,0,---,Gold
24.0,193.0,75.0,0,0,0,0,---,---
24.0,189.0,76.0,0,0,0,0,---,---
20.0,179.0,68.0,0,0,0,0,---,---
29.0,181.0,80.0,0,0,0,0,---,---
17.0,165.0,65.0,0,0,0,0,---,---
17.0,192.0,81.0,0,0,0,0,---,---
19.0,185.0,68.0,0,0,0,0,---,---
19.0,183.0,81.0,0,0,0,0,---,Bronze
23.0,170.0,60.0,0,0,0,0,---,---
23.0,192.0,86.0,0,0,0,0,---,---
20.0,177.0,73.0,0,0,0,0,---,---
23.0,175.0,66.0,0,0,0,0,---,---
17.0,171.0,76.0,0,0,0,0,---,---
26.0,191.0,81.0,0,0,0,0,---,---
20.0,191.0,87.0,0,0,0,0,---,---
20.0,177.0,70.0,0,0,0,0,---,---
23.0,195.0,95.0,0,0,0,0,---,---
21.0,194.0,85.0,0,0,0,0,---,---
17.0,178.0,72.0,0,0,0,0,---,---
17.0,168.0,64.0,0,0,0,0,---,---
20.0,189.0,82.0,0,0,0,0,---,---
20.0,183.0,83.0,0,0,0,0,---,---
17.0,190.0,86.0,0,0,0,0,---,---
21.0,186.0,80.0,0,0,0,0,---,---
21.0,177.0,65.0,0,0,0,0,---,---
20.0,177.0,70.0,0,0,0,0,---,---
16.0,177.0,73.0,0,0,0,0,---,---
21.0,187.0,78.0,0,0,0,0,---,---
20.0,187.0,80.0,0,0,0,0,---,---
22.0,175.0,70.0,0,0,0,0,---,---
25.0,190.0,90.0,0,0,0,0,---,---
21.0,184.0,85.0,0,0,0,0,---,---
24.0,193.0,95.0,0,0,0,0,Gold,Gold
19.0,188.0,77.0,0,0,0,0,---,---
19.0,175.0,70.0,0,0,0,0,---,---
14.0,174.0,65.0,0,0,0,0,---,---
21.0,176.0,70.0,0,0,0,0,---,---
24.0,188.0,82.0,0,0,0,0,---,---
17.0,164.0,61.0,0,0,0,0,---,---
26.0,185.0,76.0,0,0,0,0,---,---
23.0,186.0,80.0,0,0,0,0,---,---
23.0,190.0,88.0,0,0,0,0,---,---
20.0,188.0,85.0,0,0,0,0,---,Silver
24.0,185.0,78.0,0,0,0,0,---,Bronze
21.0,176.0,75.0,0,0,0,0,---,---
20.0,193.0,81.0,0,0,0,0,---,---
21.0,183.0,81.0,0,0,0,0,Gold,Gold
18.0,176.0,72.0,0,0,0,0,---,---
23.0,180.0,75.0,0,0,0,0,---,Silver
20.0,198.0,82.0,0,0,0,0,---,---
19.0,178.0,73.0,0,0,0,0,Silver,---
25.0,196.0,84.0,0,0,0,0,---,---
24.0,190.0,83.0,0,0,0,0,---,---
18.0,188.0,80.0,0,0,0,0,---,---
25.0,189.0,73.0,0,0,0,0,---,---
19.0,170.0,68.0,0,0,0,0,---,---
19.0,177.0,64.0,0,0,0,0,---,---
18.0,187.0,89.0,0,1,0,0,---,---
23.0,183.0,74.0,0,0,0,0,---,---
24.0,183.0,68.0,0,0,0,0,Gold,Gold
16.0,191.0,83.0,0,0,0,0,---,---
24.0,180.0,73.0,0,0,0,0,---,---
17.0,196.0,84.0,0,0,0,0,---,---
23.0,175.0,70.0,0,0,0,0,---,---
22.0,175.0,75.0,0,0,0,0,---,---
24.0,190.0,84.0,0,0,0,0,---,---
25.0,181.0,74.0,0,0,0,0,---,---
27.0,188.0,88.0,0,0,0,0,Gold,Silver
15.0,170.0,59.0,0,0,0,0,---,---
20.0,188.0,70.0,0,0,0,0,---,---
21.0,175.0,63.0,0,0,0,0,---,---
22.0,178.0,75.0,0,0,0,0,Gold,Gold
16.0,188.0,71.0,0,0,0,0,---,Bronze
24.0,184.0,81.0,0,0,0,0,---,---
20.0,182.0,73.0,0,0,0,0,---,---
21.0,188.0,70.0,0,0,0,0,---,---
21.0,175.0,64.0,0,0,0,0,---,Bronze
18.0,185.0,75.0,0,0,0,0,---,---
21.0,185.0,75.0,0,0,0,0,---,---
22.0,181.0,80.0,0,0,0,0,---,---
19.0,209.0,112.0,0,0,0,0,---,---
20.0,194.0,90.0,0,0,0,0,Gold,Gold
27.0,194.0,87.0,0,0,0,0,---,---
21.0,187.0,72.0,0,0,0,0,---,---
20.0,185.0,78.0,0,0,0,0,---,---
19.0,175.0,75.0,0,0,0,0,---,---
24.0,182.0,74.0,0,1,0,0,---,---
29.0,184.0,81.0,0,0,0,0,---,---
21.0,198.0,99.0,0,0,0,0,Gold,Gold
32.0,193.0,85.0,0,0,0,0,Silver,Silver
21.0,188.0,88.0,0,0,0,0,---,---
20.0,184.0,76.0,0,0,0,0,---,---
19.0,184.0,75.0,0,0,0,0,---,---
17.0,180.0,67.0,0,0,0,0,Gold,Gold
20.0,198.0,87.0,0,0,0,0,---,---
22.0,180.0,73.0,0,0,0,0,---,---
23.0,191.0,83.0,0,0,0,0,---,---
23.0,193.0,87.0,0,0,0,0,---,---
22.0,180.0,70.0,0,0,0,0,Bronze,Bronze
16.0,183.0,86.0,0,0,0,0,---,---
18.0,170.0,68.0,0,0,0,0,---,---
21.0,193.0,93.0,0,0,0,0,---,---
20.0,193.0,90.0,0,0,0,0,---,---
22.0,188.0,84.0,0,0,0,0,---,Gold
22.0,182.0,70.0,0,0,0,0,---,---
20.0,178.0,73.0,0,0,0,0,---,---
26.0,183.0,80.0,0,0,0,0,---,---
23.0,188.0,80.0,0,0,0,0,Silver,Silver
26.0,199.0,94.0,0,0,0,0,---,---
21.0,191.0,88.0,0,0,0,0,Silver,Bronze
20.0,189.0,83.0,0,0,0,0,---,Silver
21.0,185.0,73.0,0,0,0,0,---,---
18.0,173.0,68.0,0,0,0,0,---,---
14.0,173.0,68.0,0,0,0,0,---,---
23.0,179.0,65.0,0,0,0,0,---,---
17.0,180.0,73.0,0,0,0,0,---,---
21.0,180.0,70.0,0,0,0,0,---,---
16.0,165.0,63.0,0,0,0,0,---,---
22.0,183.0,79.0,0,0,0,0,---,---
25.0,187.0,77.0,0,0,0,0,---,---
19.0,193.0,85.0,0,0,0,0,---,---
34.0,181.0,72.0,0,0,0,0,---,---
18.0,183.0,73.0,0,0,0,0,---,Silver
23.0,188.0,84.0,0,0,0,0,---,Silver
25.0,175.0,75.0,0,0,0,0,---,---
25.0,194.0,90.0,0,0,0,0,---,Bronze
21.0,167.0,65.0,0,0,0,0,---,---
26.0,183.0,75.0,0,0,0,0,---,---
21.0,183.0,66.0,0,0,0,0,---,---
20.0,189.0,76.0,0,0,0,0,---,---
20.0,180.0,78.0,0,0,0,0,---,---
21.0,176.0,72.0,0,0,0,0,---,---
15.0,176.0,68.0,0,0,0,0,---,---
19.0,170.0,65.0,0,0,0,0,---,---
28.0,198.0,87.0,0,0,0,0,---,---
22.0,175.0,70.0,0,0,0,0,---,---
22.0,191.0,81.5,0,0,0,0,---,---
18.0,197.0,87.0,0,0,0,0,---,---
18.0,170.0,61.0,0,0,0,0,---,---
24.0,197.0,95.0,0,0,0,0,---,---
18.0,189.0,84.0,0,0,0,0,---,---
21.0,167.0,58.0,0,0,0,0,---,---
22.0,183.0,79.0,0,0,0,0,---,---
20.0,183.0,73.0,0,0,0,0,Bronze,Silver
22.0,183.0,73.0,0,0,0,0,Gold,Gold
20.0,181.0,73.0,0,0,0,0,---,---
20.0,178.0,63.0,0,0,0,0,---,---
24.0,190.0,79.0,0,0,0,0,---,---
25.0,198.0,81.0,0,0,0,0,---,---
25.0,180.0,76.0,0,0,0,0,---,---
24.0,188.0,79.0,0,0,0,0,---,---
20.0,187.0,80.0,0,0,0,0,---,---
17.0,182.0,82.0,0,0,0,0,---,---
21.0,186.0,86.0,0,0,0,0,---,---
22.0,187.0,91.0,0,0,0,0,---,---
16.0,185.0,83.0,0,0,0,0,---,---
18.0,183.0,73.0,0,0,0,0,Bronze,Silver
32.0,190.0,84.0,0,0,0,0,---,---
23.0,186.0,80.0,0,0,0,0,---,---
20.0,207.0,72.0,0,0,0,0,---,---
23.0,173.0,70.0,0,0,0,0,Gold,Silver
17.0,189.0,77.0,0,0,0,0,---,---
23.0,179.0,70.0,0,0,0,0,---,---
21.0,186.0,81.0,0,0,0,0,---,---
25.0,192.0,85.0,0,0,0,0,---,---
25.0,185.0,74.0,0,1,0,0,---,---
20.0,188.0,77.0,0,0,0,0,---,---
25.0,181.0,69.0,0,0,0,0,---,---
22.0,187.0,82.0,0,0,0,0,---,---
21.0,190.0,90.0,0,0,0,0,---,---
21.0,186.0,83.0,0,0,0,0,---,---
22.0,197.0,94.0,0,0,0,0,---,---
27.0,171.0,75.0,0,0,0,0,---,---
21.0,185.0,83.0,0,0,0,0,Silver,Silver
21.0,190.0,85.0,0,0,0,0,---,---
21.0,183.0,79.0,0,0,0,0,---,---
21.0,173.0,79.0,0,0,0,0,---,---
29.0,186.0,69.0,0,0,0,0,---,---
29.0,182.0,73.0,0,0,0,0,---,---
19.0,173.0,66.0,0,0,0,0,---,---
26.0,183.0,73.0,0,0,0,0,---,---
26.0,198.0,90.0,0,0,0,0,---,---
22.0,192.0,82.0,0,0,0,0,---,---
22.0,184.0,86.0,0,0,0,0,---,---
23.0,193.0,85.0,0,0,0,0,---,---
19.0,188.0,81.0,0,0,0,0,---,---
20.0,178.0,72.0,0,0,0,0,---,---
18.0,182.0,82.0,0,0,0,0,---,---
16.0,165.0,62.0,0,0,0,0,---,---
23.0,195.0,94.0,0,0,0,0,---,---
20.0,198.0,90.0,0,0,0,0,---,---
22.0,183.0,71.0,0,0,0,0,---,---
23.0,178.0,72.0,0,0,0,0,---,---
22.0,184.0,78.0,0,0,0,0,---,---
16.0,183.0,86.0,0,0,0,0,---,---
17.0,186.0,80.0,0,0,0,0,---,---
24.0,196.0,93.0,0,0,0,0,---,---
19.0,197.0,87.0,0,0,0,0,---,---
25.0,180.0,70.0,0,0,0,0,---,---
18.0,182.0,81.0,0,0,0,0,---,---
20.0,183.0,73.0,0,0,0,0,---,---
21.0,196.0,82.0,0,0,0,0,---,---
21.0,183.0,81.0,0,0,0,0,---,---
20.0,193.0,83.0,0,0,0,0,---,---
21.0,184.0,81.0,0,0,0,0,---,---
19.0,185.0,85.0,0,0,0,0,---,---
19.0,168.0,63.0,0,0,0,0,---,---
22.0,174.0,70.0,0,0,0,0,---,---
26.0,191.0,81.0,0,0,0,0,---,---
27.0,200.0,95.0,0,0,0,0,---,---
20.0,191.0,82.0,0,0,0,0,---,---
20.0,188.0,71.0,0,0,0,0,---,---
23.0,188.0,78.0,0,0,0,0,---,---
17.0,183.0,79.0,0,0,0,0,---,---
26.0,192.0,80.0,0,0,0,0,---,---
25.0,188.0,85.0,0,0,0,0,---,---
19.0,185.0,77.0,0,0,0,0,---,---
29.0,190.0,85.0,0,0,0,0,---,---
32.0,194.0,90.0,0,0,0,0,---,---
19.0,177.0,65.0,0,0,0,0,---,---
25.0,178.0,73.0,0,0,0,0,---,---
23.0,187.0,82.0,0,0,0,0,---,---
28.0,194.0,93.0,0,0,0,0,---,---
25.0,204.0,100.0,0,0,0,0,---,---
18.0,170.0,66.0,0,0,0,0,---,---
31.0,192.0,82.0,0,0,0,0,---,---
17.0,188.0,70.0,0,0,0,0,---,---
20.0,178.0,75.0,0,0,0,0,---,---
20.0,188.0,81.0,0,0,0,0,Gold,Gold
20.0,193.0,80.0,0,0,0,0,---,---
19.0,174.0,70.0,0,0,0,0,---,---
26.0,193.0,80.0,0,0,0,0,---,---
25.0,193.0,87.0,0,0,0,0,---,---
19.0,188.0,77.0,0,0,0,0,---,---
26.0,190.0,80.0,0,0,0,0,---,---
18.0,181.0,69.0,0,0,0,0,---,---
27.0,189.0,87.0,0,0,0,0,---,---
17.0,185.0,80.0,0,0,0,0,---,---
22.0,184.0,74.0,0,0,0,0,---,---
22.0,190.0,85.0,0,0,0,0,---,---
21.0,191.0,86.0,0,0,0,0,---,---
31.0,194.0,88.0,0,0,0,0,---,---
22.0,192.0,89.0,0,0,0,0,---,---
21.0,186.0,82.0,0,0,0,0,---,---
16.0,176.0,63.0,0,1,0,0,---,---
22.0,188.0,84.0,0,0,0,0,Silver,Silver
19.0,180.0,75.0,0,0,0,0,---,---
25.0,180.0,75.0,0,0,0,0,---,---
21.0,181.0,70.0,0,0,0,0,---,---
19.0,188.0,78.0,0,0,0,0,---,---
21.0,176.0,68.0,0,0,0,0,---,Bronze
17.0,183.0,73.0,0,0,0,0,---,---
18.0,194.0,90.0,0,0,0,0,---,---
17.0,172.0,63.0,0,0,0,0,---,---
17.0,186.0,76.0,0,0,0,0,---,Silver
26.0,178.0,64.0,0,0,0,0,---,---
24.0,178.0,75.0,0,0,0,0,Bronze,Bronze
19.0,176.0,68.0,0,0,0,0,---,---
23.0,180.0,75.0,0,0,0,0,---,Bronze
19.0,184.0,85.0,0,0,0,0,---,---
19.0,190.0,75.0,0,0,0,0,---,---
23.0,184.0,82.0,0,0,0,0,---,---
21.0,193.0,87.0,0,0,0,0,---,---
20.0,190.0,89.0,0,0,0,0,---,---
22.0,198.0,96.0,0,0,0,0,---,Silver
24.0,198.0,100.0,0,0,0,0,Gold,Gold
20.0,167.0,61.0,0,0,0,0,---,---
21.0,176.0,70.0,0,0,0,0,---,---
22.0,193.0,92.0,0,1,0,0,---,---
22.0,185.0,75.0,0,0,0,0,---,---
26.0,186.0,80.0,0,0,0,0,---,---
18.0,170.0,70.0,0,0,0,0,---,---
24.0,176.0,70.0,0,0,0,0,---,---
24.0,198.0,96.0,0,0,0,0,Silver,Silver
31.0,190.0,84.0,0,1,0,0,---,---
25.0,186.0,83.0,0,0,0,0,---,---
24.0,188.0,88.0,0,0,0,0,---,---
27.0,180.0,71.0,0,0,0,0,---,Silver
24.0,191.0,93.0,0,0,0,0,---,---
21.0,189.0,83.0,0,0,0,0,---,---
18.0,183.0,85.0,0,0,0,0,---,---
20.0,192.0,90.0,0,0,0,0,---,---
17.0,171.0,59.0,0,0,0,0,---,---
22.0,191.0,95.0,0,0,0,0,---,---
21.0,180.0,87.0,0,0,0,0,---,---
22.0,185.0,74.0,0,0,0,0,---,---
20.0,191.0,78.0,0,0,0,0,---,---
23.0,184.0,80.0,0,0,0,0,---,---
18.0,182.0,77.0,0,0,0,0,---,---
28.0,187.0,83.0,0,0,0,0,---,---
18.0,183.0,81.0,0,0,0,0,---,---
17.0,180.0,65.5,0,0,0,0,---,Bronze
18.0,160.0,72.0,0,0,0,0,---,---
19.0,190.0,90.0,0,0,0,0,---,---
22.0,185.0,70.0,0,0,0,0,---,---
25.0,187.0,77.0,0,0,0,0,Gold,Gold
20.0,175.0,67.0,0,0,0,0,---,---
24.0,188.0,85.0,0,0,0,0,---,---
19.0,192.0,81.0,0,0,0,0,---,---
23.0,185.0,85.0,0,0,0,0,---,---
21.0,183.0,78.0,0,0,0,0,Gold,Bronze
21.0,177.0,68.0,0,0,0,0,---,Bronze
25.0,175.0,70.0,0,0,0,0,---,Bronze
21.0,196.0,89.0,0,0,0,0,Gold,Silver
22.0,189.0,78.0,0,0,0,0,---,---
19.0,185.0,68.0,0,0,0,0,---,---
24.0,200.0,97.0,0,0,0,0,---,---
19.0,186.0,78.0,0,0,0,0,---,---
18.0,180.0,80.0,0,0,0,0,---,---
20.0,187.0,77.0,0,0,0,0,---,---
21.0,178.0,75.0,0,0,0,0,---,---
21.0,178.0,64.0,0,0,0,0,---,---
19.0,193.0,87.0,0,0,0,0,---,---
17.0,182.0,72.0,0,0,0,0,---,---
19.0,196.0,80.0,0,0,0,0,---,---
19.0,180.0,78.0,0,0,0,0,---,---
20.0,180.0,72.0,0,0,0,0,---,---
17.0,184.0,70.0,0,0,0,0,---,---
21.0,181.0,69.0,0,0,0,0,---,---
25.0,185.0,83.0,0,0,0,0,---,---
28.0,196.0,86.0,0,0,0,0,---,---
22.0,182.0,70.0,0,0,0,0,---,Bronze
20.0,192.0,88.0,0,0,0,0,---,---
27.0,185.0,80.0,0,0,0,0,---,---
29.0,185.0,81.0,0,0,0,0,---,---
21.0,186.0,82.0,0,0,0,0,---,---
20.0,185.0,75.0,0,0,0,0,---,---
17.0,173.0,67.0,0,0,0,0,---,Gold
19.0,192.0,81.0,0,0,0,0,---,---
19.0,193.0,87.0,0,0,0,0,---,---
22.0,183.0,82.0,0,0,0,0,---,---
17.0,180.0,68.0,0,0,0,0,---,---
17.0,186.0,81.0,0,0,0,0,---,---
21.0,187.0,81.0,0,0,0,0,---,---
18.0,175.0,65.0,0,0,0,0,---,---
17.0,175.0,67.0,0,0,0,0,---,---
28.0,174.0,76.0,0,0,0,0,---,---
25.0,182.0,74.0,0,0,0,0,---,---
19.0,175.0,75.0,0,0,0,0,---,---
20.0,170.0,71.0,0,0,0,0,---,---
25.0,185.0,80.0,0,0,0,0,---,---
18.0,175.0,68.0,0,0,0,0,---,---
22.0,188.0,83.0,0,0,0,0,---,---
20.0,181.0,79.0,0,0,0,0,---,---
16.0,182.0,71.0,0,0,0,0,---,---
19.0,203.0,98.0,0,0,0,0,---,---
28.0,185.0,80.0,0,0,0,0,---,Bronze
17.0,171.0,72.0,0,0,0,0,---,---
30.0,194.0,90.0,0,0,0,0,---,---
20.0,182.0,76.0,0,0,0,0,---,---
25.0,198.0,81.0,0,0,0,0,---,---
18.0,183.0,77.0,0,0,0,0,---,---
19.0,177.0,68.0,0,0,0,0,---,---
15.0,167.0,67.0,0,0,0,0,---,---
27.0,196.0,89.0,0,0,0,0,---,Bronze
25.0,181.0,75.0,0,0,0,0,---,---
22.0,170.0,70.0,0,0,0,0,---,---
24.0,192.0,85.0,0,0,0,0,---,---
21.0,175.0,64.0,0,0,0,0,---,---
18.0,191.0,77.0,0,0,0,0,---,Silver
23.0,191.0,77.0,0,0,0,0,---,---
21.0,193.0,85.0,0,0,0,0,---,---
20.0,193.0,83.0,0,0,0,0,---,---
21.0,198.0,108.0,0,0,0,0,---,---
19.0,187.0,107.0,0,0,0,0,---,---
27.0,205.0,92.0,0,0,0,0,---,Gold
25.0,193.0,104.0,0,0,0,0,Gold,Gold
16.0,183.0,80.0,0,0,0,0,Silver,Silver
15.0,173.0,65.0,0,0,0,0,---,---
25.0,168.0,62.0,0,0,0,0,---,---
17.0,196.0,104.0,0,0,0,0,Gold,Gold
22.0,174.0,70.0,0,0,0,0,---,---
25.0,197.0,87.0,0,0,0,0,---,---
23.0,188.0,83.0,0,0,0,0,---,---
18.0,177.0,70.0,0,0,0,0,---,---
27.0,183.0,76.0,0,0,0,0,---,---
18.0,195.0,86.0,0,0,0,0,---,---
20.0,195.0,83.0,0,0,0,0,---,---
22.0,198.0,97.0,0,0,0,0,---,---
22.0,187.0,78.0,0,0,0,0,---,---
20.0,182.0,75.0,0,0,0,0,---,---
17.0,193.0,93.0,0,0,0,0,---,---
20.0,185.0,75.0,0,0,0,0,---,---
23.0,197.0,95.0,0,0,0,0,---,---
20.0,189.0,87.0,0,0,0,0,---,Bronze
14.0,165.0,61.0,0,0,0,0,---,---
24.0,196.0,92.0,0,0,0,0,---,---
21.0,186.0,75.0,0,0,0,0,---,---
19.0,180.0,85.0,0,0,0,0,---,---
22.0,177.0,70.0,0,0,0,0,---,---
25.0,200.0,95.0,0,0,0,0,---,---
19.0,181.0,70.0,0,0,0,0,---,---
18.0,181.0,73.0,0,0,0,0,---,---
21.0,196.0,104.0,0,0,0,0,---,---
23.0,187.0,72.0,0,0,0,0,---,---
21.0,183.0,73.0,0,0,0,0,---,---
26.0,193.0,85.0,0,0,0,0,---,---
25.0,178.0,78.0,0,0,0,0,---,---
23.0,203.0,90.0,0,0,0,0,---,---
18.0,176.0,64.0,0,0,0,0,---,---
18.0,182.0,81.0,0,0,0,0,---,---
23.0,179.0,72.0,0,0,0,0,---,---
19.0,172.0,62.0,0,0,0,0,---,---
15.0,165.0,62.0,0,0,0,0,---,---
23.0,186.0,76.0,0,0,0,0,---,---
19.0,186.0,80.0,0,0,0,0,---,---
20.0,167.0,61.0,0,0,0,0,---,---
20.0,189.0,83.0,0,0,0,0,---,---
19.0,184.0,76.0,0,0,0,0,---,---
19.0,184.0,70.0,0,0,0,0,---,---
24.0,181.0,73.0,0,0,0,0,---,---
22.0,182.0,70.0,0,0,0,0,---,---
28.0,185.0,78.0,0,0,0,0,---,---
23.0,182.0,70.0,0,0,0,0,---,---
26.0,175.0,75.0,0,0,0,0,---,---
23.0,189.0,80.0,0,0,0,0,---,---
23.0,190.0,78.0,0,0,0,0,---,---
19.0,176.0,67.0,0,0,0,0,---,---
22.0,174.0,79.0,0,0,0,0,---,---
26.0,196.0,88.0,0,0,0,0,---,---
21.0,180.0,67.0,0,0,0,0,Gold,Gold
27.0,185.0,85.0,0,0,0,0,---,---
19.0,172.0,67.0,0,0,0,0,---,---
22.0,184.0,74.0,0,0,0,0,---,---
23.0,178.0,72.0,0,0,0,0,---,---
25.0,186.0,69.0,0,0,0,0,---,---
21.0,192.0,85.0,0,0,0,0,---,---
22.0,193.0,85.0,0,0,0,0,---,---
16.0,180.0,72.0,0,0,0,0,---,---
22.0,189.0,79.0,0,0,0,0,---,Bronze
19.0,177.0,65.0,0,0,0,0,---,---
23.0,192.0,85.0,0,0,0,0,---,---
21.0,173.0,70.0,0,0,0,0,---,---
20.0,180.0,76.0,0,0,0,0,---,---
18.0,172.0,70.0,0,0,0,0,---,Silver
22.0,175.0,68.0,0,0,0,0,---,---
18.0,180.0,82.0,0,0,0,0,---,---
19.0,188.0,82.0,0,0,0,0,---,---
20.0,191.0,82.0,0,0,0,0,---,---
21.0,181.0,80.0,0,0,0,0,---,---
22.0,170.0,63.0,0,0,0,0,---,---
22.0,193.0,84.0,0,0,0,0,---,---
21.0,179.0,79.0,0,0,0,0,---,---
22.0,188.0,80.0,0,0,0,0,---,---
20.0,180.0,100.0,0,0,0,0,---,---
19.0,190.0,82.0,0,0,0,0,---,---
19.0,185.0,80.0,0,0,0,0,---,---
30.0,193.0,85.0,0,0,0,0,---,---
26.0,178.0,72.0,0,0,0,0,Bronze,Bronze
22.0,189.0,80.0,0,0,0,0,---,---
26.0,183.0,73.0,0,0,0,0,---,---
26.0,191.0,84.0,0,0,0,0,---,---
26.0,185.0,84.0,0,0,0,0,Gold,Gold
18.0,196.0,94.0,0,1,0,0,---,---
18.0,185.0,85.0,0,0,0,0,---,---
16.0,180.0,78.0,0,0,0,0,---,---
19.0,176.0,62.0,0,0,0,0,---,---
18.0,183.0,75.0,0,0,0,0,---,---
23.0,190.0,75.0,0,0,0,0,---,---
20.0,178.0,70.0,0,0,0,0,---,---
21.0,178.0,76.0,0,0,0,0,---,---
23.0,182.0,62.0,0,0,0,0,---,---
26.0,176.0,70.0,0,0,0,0,---,---
26.0,187.0,87.0,0,0,0,0,Silver,Silver
20.0,182.0,73.0,0,0,0,0,---,---
21.0,185.0,78.0,0,0,0,0,---,---
20.0,187.0,68.0,0,0,0,0,---,---
17.0,198.0,96.0,0,0,0,0,---,---
26.0,186.0,80.0,0,0,0,0,---,---
21.0,187.0,80.0,0,0,0,0,---,---
20.0,180.0,73.0,0,0,0,0,---,---
19.0,178.0,72.0,0,0,0,0,---,---
28.0,195.0,84.0,0,0,0,0,---,---
22.0,200.0,93.0,0,0,0,0,---,---
22.0,182.0,80.0,0,0,0,0,---,---
24.0,188.0,80.0,0,0,0,0,---,---
25.0,193.0,90.0,0,0,0,0,---,---
27.0,184.0,84.0,0,0,0,0,---,---
22.0,192.0,88.0,0,0,0,0,---,---
20.0,188.0,70.0,0,0,0,0,---,---
25.0,183.0,72.0,0,0,0,0,---,---
25.0,176.0,72.0,0,0,0,0,---,---
28.0,196.0,84.0,0,0,0,0,---,---
21.0,171.0,72.0,0,0,0,0,---,---
21.0,178.0,71.0,0,0,0,0,---,---
23.0,184.0,72.0,0,0,0,0,---,---
20.0,188.0,71.0,0,0,0,0,---,---
18.0,173.0,64.0,0,0,0,0,---,---
23.0,183.0,75.0,0,0,0,0,---,---
18.0,182.0,76.0,0,0,0,0,---,---
18.0,180.0,63.0,0,0,0,0,---,---
24.0,190.0,79.0,0,0,0,0,---,---
22.0,167.0,60.0,0,0,0,0,---,---
22.0,198.0,97.0,0,0,0,0,Gold,Gold
18.0,183.0,75.0,0,0,0,0,---,---
21.0,185.0,85.0,0,0,0,0,Gold,Gold
20.0,196.0,86.0,0,0,0,0,---,---
20.0,189.0,80.0,0,0,0,0,---,---
23.0,175.0,57.0,0,0,0,0,---,---
21.0,183.0,94.0,0,0,0,0,---,---
25.0,193.0,85.0,0,0,0,0,---,---
19.0,187.0,82.0,0,0,0,0,---,---
25.0,194.0,85.0,0,0,0,0,---,---
27.0,195.0,82.0,0,0,0,0,Gold,Gold
24.0,185.0,75.0,0,0,0,0,---,---
22.0,192.0,74.0,0,0,0,0,---,---
20.0,170.0,69.0,0,0,0,0,---,---
20.0,171.0,65.0,0,0,0,0,---,---
21.0,184.0,74.0,0,0,0,0,---,Gold
23.0,180.0,72.0,0,0,0,0,Gold,---
23.0,175.0,75.0,0,0,0,0,---,---
18.0,182.0,76.0,0,0,0,0,---,---
19.0,190.0,82.0,0,0,0,0,---,---
26.0,183.0,78.0,0,0,0,0,---,Silver
18.0,183.0,78.0,0,0,0,0,---,---
25.0,182.0,74.0,0,0,0,0,---,---
20.0,187.0,85.0,0,0,0,0,---,---
19.0,178.0,72.0,0,0,0,0,---,---
21.0,182.0,85.0,0,0,0,0,---,---
19.0,191.0,77.0,0,0,0,0,---,Bronze
25.0,181.0,77.0,0,0,0,0,---,---
23.0,186.0,73.0,0,0,0,0,---,---
17.0,185.0,75.0,0,0,0,0,---,---
24.0,183.0,75.0,0,0,0,0,---,---
21.0,192.0,85.0,0,0,0,0,---,---
21.0,180.0,75.0,0,0,0,0,---,---
19.0,186.0,73.0,0,0,0,0,---,---
25.0,193.0,93.0,0,0,0,0,---,---
23.0,178.0,72.0,0,0,0,0,---,---
22.0,191.0,81.0,0,0,0,0,Gold,---
17.0,182.0,82.0,0,0,0,0,---,---
22.0,181.0,75.0,0,0,0,0,---,---
16.0,170.0,65.0,0,0,0,0,---,Bronze
22.0,187.0,77.0,0,0,0,0,---,---
24.0,189.0,80.0,0,0,0,0,---,---
20.0,189.0,80.0,0,0,0,0,---,---
18.0,193.0,88.0,0,0,0,0,---,---
22.0,171.0,60.0,0,0,0,0,---,---
28.0,193.0,90.0,0,0,0,0,---,---
17.0,155.0,54.0,0,0,0,0,---,Silver
28.0,189.0,87.0,0,0,0,0,---,---
18.0,180.0,70.0,0,0,0,0,---,---
26.0,173.0,67.0,0,0,0,0,---,---
16.0,183.0,74.0,0,0,0,0,---,---
19.0,179.0,64.0,0,0,0,0,---,---
19.0,184.0,69.0,0,0,0,0,---,---
21.0,191.0,85.0,0,0,0,0,---,---
23.0,174.0,74.0,0,0,0,0,---,---
21.0,190.0,82.0,0,0,0,0,---,---
28.0,185.0,85.0,0,0,0,0,Gold,Gold
20.0,180.0,73.0,0,0,0,0,---,---
23.0,176.0,73.0,0,0,0,0,---,---
18.0,181.0,69.0,0,0,0,0,---,---
15.0,184.0,85.0,0,0,0,0,---,---
28.0,196.0,75.0,0,0,0,0,---,---
25.0,190.0,84.0,0,0,0,0,---,---
22.0,183.0,67.0,0,0,0,0,---,---
27.0,178.0,68.0,0,0,0,0,---,---
21.0,188.0,72.0,0,0,0,0,---,---
26.0,178.0,76.0,0,0,0,0,---,---
19.0,183.0,82.0,0,0,0,0,---,---
19.0,187.0,83.0,0,0,0,0,---,---
20.0,176.0,73.0,0,0,0,0,---,---
22.0,181.0,80.0,0,0,0,0,Bronze,Bronze
21.0,165.0,66.0,0,0,0,0,Gold,Bronze
30.0,188.0,80.0,0,0,0,0,---,---
24.0,187.0,87.0,0,0,0,0,---,Gold
21.0,188.0,76.0,0,0,0,0,---,---
19.0,165.0,59.0,0,0,0,0,---,---
18.0,176.0,78.0,0,0,0,0,---,---
22.0,176.0,61.0,0,0,0,0,---,---
23.0,178.0,72.0,0,0,0,0,---,---
19.0,190.0,84.0,0,0,0,0,---,Bronze
17.0,190.0,75.0,0,0,0,0,---,---
23.0,190.0,87.0,0,0,0,0,---,---
17.0,185.0,73.0,0,0,0,0,---,---
18.0,169.0,60.0,0,0,0,0,---,---
17.0,182.0,82.0,0,0,0,0,---,---
27.0,198.0,100.0,0,0,0,0,Gold,Gold
21.0,183.0,83.0,0,0,0,0,---,---
25.0,181.0,70.0,0,0,0,0,---,---
16.0,190.0,90.0,0,0,0,0,---,---
27.0,186.0,78.0,0,0,0,0,---,---
22.0,184.0,84.0,0,0,0,0,---,---
21.0,190.0,85.0,0,0,0,0,---,---
21.0,175.0,70.0,0,0,0,0,---,---
21.0,171.0,75.0,0,0,0,0,---,Silver
22.0,184.0,70.0,0,0,0,0,---,---
23.0,186.0,78.0,0,0,0,0,---,---
19.0,187.0,80.0,0,0,0,0,---,---
23.0,183.0,70.0,0,0,0,0,Gold,Gold
22.0,176.0,69.0,0,0,0,0,---,---
23.0,185.0,74.0,0,0,0,0,---,---
22.0,179.0,66.0,0,0,0,0,---,---
26.0,188.0,80.0,0,0,0,0,---,---
30.0,199.0,94.0,0,0,0,0,---,---
24.0,198.0,89.0,0,0,0,0,---,Gold
22.0,198.0,90.0,0,0,0,0,Bronze,Bronze
18.0,188.0,87.0,0,0,0,0,---,Bronze
18.0,180.0,71.0,0,0,0,0,---,---
23.0,199.0,91.0,0,0,0,0,---,---
29.0,185.0,78.0,0,0,0,0,---,---
27.0,195.0,83.0,0,0,0,0,---,---
23.0,190.0,83.0,0,0,0,0,---,---
20.0,180.0,77.0,0,0,0,0,---,---
15.0,173.0,67.0,0,0,0,0,---,---
22.0,190.0,81.0,0,0,0,0,Bronze,Bronze
14.0,165.0,61.0,0,0,0,0,---,---
21.0,189.0,80.0,0,0,0,0,---,---
23.0,186.0,81.0,0,0,0,0,---,---
19.0,182.0,76.0,0,0,0,0,Bronze,Bronze
19.0,194.0,87.0,0,0,0,0,---,---
23.0,185.0,76.0,0,0,0,0,---,---
24.0,189.0,80.0,0,0,0,0,---,---
23.0,188.0,84.0,0,0,0,0,Gold,Gold
23.0,190.0,76.0,0,0,0,0,---,---
27.0,190.0,82.0,0,0,0,0,---,Bronze
19.0,183.0,83.0,0,0,0,0,---,---
26.0,192.0,88.0,0,0,0,0,---,---
21.0,180.0,75.0,0,0,0,0,---,---
21.0,188.0,80.0,0,0,0,0,---,---
19.0,175.0,72.0,0,0,0,0,---,---
25.0,182.0,85.0,0,0,0,0,---,---
23.0,177.0,75.0,0,0,0,0,---,---
21.0,193.0,64.0,0,0,0,0,---,---
19.0,192.0,82.0,0,0,0,0,---,---
20.0,193.0,83.0,0,0,0,0,---,---
17.0,175.0,70.0,0,0,0,0,---,---
20.0,194.0,87.0,0,0,0,0,---,---
19.0,183.0,85.0,0,0,0,0,---,---
21.0,187.0,70.0,0,0,0,0,---,---
23.0,188.0,85.0,0,0,0,0,---,---
23.0,186.0,76.0,0,0,0,0,---,---
28.0,187.0,87.0,0,0,0,0,---,---
25.0,188.0,75.0,0,0,0,0,---,Silver
19.0,171.0,70.0,0,0,0,0,---,---
19.0,153.0,77.0,0,0,0,0,---,---
25.0,190.0,88.0,0,0,0,0,---,---
21.0,183.0,81.0,0,0,0,0,---,Bronze
26.0,183.0,85.0,0,0,0,0,---,---
27.0,187.0,107.0,0,0,0,0,---,---
23.0,193.0,91.0,0,0,0,0,Gold,Gold
20.0,188.0,71.0,0,0,0,0,---,---
23.0,183.0,77.0,0,0,0,0,---,---
21.0,185.0,72.0,0,0,0,0,---,---
22.0,198.0,89.0,0,0,0,0,---,---
21.0,186.0,74.0,0,0,0,0,---,---
17.0,175.0,70.0,0,0,0,0,---,---
23.0,179.0,73.0,0,0,0,0,---,---
18.0,194.0,78.0,0,0,0,0,---,---
17.0,183.0,73.0,0,0,0,0,---,---
23.0,190.0,76.0,0,0,0,0,---,---
20.0,188.0,78.0,0,0,0,0,---,---
13.0,168.0,63.0,0,0,0,0,---,---
20.0,174.0,69.0,0,0,0,0,---,---
15.0,180.0,75.0,0,0,0,0,---,---
20.0,193.0,80.0,0,0,0,0,---,---
27.0,187.0,74.0,0,0,0,0,---,---
22.0,183.0,75.0,0,0,0,0,---,---
21.0,187.0,68.0,0,0,0,0,---,---
26.0,183.0,78.0,0,0,0,0,---,---
26.0,183.0,75.0,0,0,0,0,---,---
20.0,183.0,77.0,0,0,0,0,---,---
21.0,180.0,73.0,0,0,0,0,---,---
16.0,185.0,75.0,0,0,0,0,---,---
23.0,185.0,78.0,0,0,0,0,---,---
25.0,194.0,78.0,0,0,0,0,---,---
24.0,176.0,70.0,0,0,0,0,---,---
23.0,180.0,70.0,0,0,0,0,---,---
18.0,190.0,79.0,0,0,0,0,---,---
22.0,188.0,80.0,0,0,0,0,---,---
26.0,184.0,78.0,0,0,0,0,---,---
25.0,180.0,75.0,0,0,0,0,---,---
24.0,180.0,73.0,0,0,0,0,---,---
18.0,182.0,75.0,0,0,0,0,---,---
24.0,173.0,68.0,0,0,0,0,---,---
18.0,181.0,74.0,0,0,0,0,---,---
21.0,186.0,75.0,0,0,0,0,---,---
16.0,182.0,81.0,0,0,0,0,---,---
24.0,193.0,98.0,0,0,0,0,Silver,Silver
17.0,185.0,70.0,0,0,0,0,---,---
26.0,174.0,71.0,0,0,0,0,---,---
25.0,198.0,99.0,0,0,0,0,Silver,Silver
18.0,193.0,82.0,0,0,0,0,---,---
18.0,185.0,81.0,0,0,0,0,---,---
21.0,193.0,90.0,0,0,0,0,---,---
20.0,179.0,60.0,0,0,0,0,---,---
21.0,196.0,104.0,0,0,0,0,Silver,Silver
19.0,184.0,85.0,0,0,0,0,---,---
17.0,180.0,64.0,0,0,0,0,---,---
17.0,187.0,79.0,0,0,0,0,---,---
22.0,188.0,86.0,0,0,0,0,---,---
19.0,181.0,75.0,0,0,0,0,---,---
18.0,171.0,66.0,0,0,0,0,---,---
15.0,181.0,81.0,0,0,0,0,---,---
21.0,182.0,77.0,0,0,0,0,---,---
21.0,183.0,86.0,0,0,0,0,---,---
26.0,186.0,85.0,0,0,0,0,---,---
26.0,191.0,84.0,0,0,0,0,---,---
21.0,191.0,91.0,0,0,0,0,Gold,Gold
18.0,176.0,70.0,0,0,0,0,---,---
19.0,191.0,79.0,0,0,0,0,---,---
20.0,185.0,71.0,0,0,0,0,---,---
16.0,177.0,65.0,0,0,0,0,---,Bronze
21.0,181.0,70.0,0,0,0,0,---,---
17.0,177.0,79.0,0,0,0,0,---,---
23.0,188.0,75.0,0,0,0,0,---,---
19.0,190.0,83.0,0,0,0,0,---,---
26.0,192.0,84.0,0,0,0,0,---,---
21.0,188.0,80.0,0,0,0,0,---,---
22.0,181.0,80.0,0,0,0,0,---,---
21.0,186.0,80.0,0,0,0,0,Bronze,Bronze
21.0,175.0,70.0,0,1,0,0,---,---
17.0,175.0,81.0,0,0,0,0,---,---
21.0,196.0,84.0,0,0,0,0,---,Silver
15.0,178.0,70.0,0,0,0,0,---,---
16.0,177.0,60.0,0,0,0,0,---,---
17.0,190.0,84.0,0,0,0,0,---,---
20.0,181.0,64.0,0,0,0,0,---,---
19.0,185.0,81.0,0,0,0,0,---,---
22.0,181.0,76.0,0,0,0,0,---,---
20.0,179.0,60.0,0,0,0,0,---,---
21.0,184.0,78.0,0,0,0,0,---,---
24.0,194.0,95.0,0,0,0,0,---,---
22.0,186.0,80.0,0,0,0,0,---,---
21.0,184.0,84.0,0,0,0,0,---,---
21.0,183.0,73.0,0,0,0,0,---,---
24.0,175.0,63.0,0,0,0,0,---,---
24.0,176.0,60.0,0,0,0,0,---,---
19.0,191.0,86.0,0,0,0,0,Gold,Gold
21.0,190.0,86.0,0,0,0,0,---,---
19.0,181.0,77.0,0,0,0,0,---,---
21.0,183.0,74.0,0,0,0,0,---,---
21.0,180.0,73.0,0,0,0,0,---,---
21.0,185.0,75.0,0,0,0,0,---,---
23.0,195.0,80.0,0,0,0,0,---,---
21.0,196.0,104.0,0,0,0,0,Gold,Gold
19.0,193.0,87.0,0,0,0,0,---,---
17.0,179.0,71.0,0,0,0,0,---,---
21.0,190.0,85.0,0,0,0,0,---,---
16.0,183.0,86.0,0,0,0,0,---,---
18.0,160.0,47.0,0,0,0,0,---,---
20.0,185.0,78.0,0,0,0,0,---,---
20.0,173.0,67.0,0,0,0,0,---,---
23.0,191.0,87.0,0,0,0,0,---,---
20.0,188.0,69.0,0,0,0,0,---,---
21.0,182.0,78.0,0,0,0,0,Gold,Gold
25.0,178.0,68.0,0,0,0,0,---,---
28.0,184.0,84.0,0,0,0,0,Silver,Silver
23.0,191.0,76.0,0,0,0,0,---,---
18.0,172.0,73.0,0,0,0,0,---,---
17.0,179.0,78.0,0,0,0,0,---,---
23.0,192.0,87.0,0,0,0,0,---,---
27.0,183.0,74.0,0,0,0,0,---,---
25.0,175.0,70.0,0,0,0,0,Gold,Gold
20.0,184.0,86.0,0,0,0,0,Bronze,Bronze
20.0,190.0,88.0,0,0,0,0,---,Gold
19.0,184.0,69.0,0,0,0,0,---,---
19.0,191.0,73.0,0,0,0,0,---,Bronze
29.0,180.0,76.0,0,0,0,0,---,---
19.0,188.0,85.0,0,0,0,0,---,---
23.0,175.0,70.0,0,0,0,0,---,Bronze
24.0,183.0,86.0,0,0,0,0,---,---
23.0,186.0,88.0,0,0,0,0,---,---
23.0,176.0,71.0,0,0,0,0,---,---
27.0,187.0,83.0,0,0,0,0,---,---
21.0,208.0,93.0,0,0,0,0,---,---
19.0,182.0,75.0,0,0,0,0,---,---
25.0,181.0,74.0,0,0,0,0,---,---
18.0,161.0,57.0,0,0,0,0,---,---
24.0,185.0,75.0,0,0,0,0,---,---
19.0,187.0,87.0,0,0,0,0,---,---
23.0,195.0,90.0,0,0,0,0,---,---
23.0,186.0,80.0,0,0,0,0,---,---
21.0,183.0,68.0,0,0,0,0,---,---
22.0,183.0,76.0,0,0,0,0,---,---
18.0,177.0,70.0,0,0,0,0,---,---
17.0,183.0,73.0,0,0,0,0,---,---
24.0,177.0,73.0,0,0,0,0,---,---
23.0,195.0,88.0,0,0,0,0,---,---
25.0,187.0,80.0,0,0,0,0,Bronze,Bronze
17.0,185.0,75.0,0,0,0,0,---,---
19.0,183.0,75.0,0,0,0,0,---,---
21.0,208.0,93.0,0,0,0,0,---,---
25.0,198.0,100.0,0,0,0,0,---,---
17.0,182.0,85.0,0,0,0,0,---,---
22.0,187.0,80.0,0,0,0,0,---,---
26.0,193.0,90.0,0,0,0,0,---,---
18.0,181.0,75.0,0,0,0,0,---,---
17.0,186.0,86.0,0,0,0,0,---,---
20.0,185.0,77.0,0,0,0,0,---,---
18.0,190.0,82.0,0,0,0,0,---,---
26.0,187.0,83.0,0,0,0,0,---,Silver
20.0,188.0,84.0,0,0,0,0,---,Bronze
30.0,196.0,94.0,0,1,0,0,---,---
18.0,188.0,81.0,0,0,0,0,---,---
17.0,193.0,72.0,0,0,0,0,Gold,Gold
28.0,185.0,72.0,0,0,0,0,---,---
19.0,183.0,73.0,0,0,0,0,---,---
27.0,190.0,76.0,0,0,0,0,---,---
25.0,189.0,74.0,0,0,0,0,---,---
22.0,183.0,67.0,0,0,0,0,---,---
20.0,178.0,66.0,0,0,0,0,---,---
24.0,182.0,74.0,0,1,0,0,---,---
18.0,178.0,75.0,0,0,0,0,Gold,---
20.0,191.0,95.0,0,0,0,0,---,---
17.0,187.0,86.0,0,0,0,0,---,---
26.0,190.0,80.0,0,0,0,0,---,---
21.0,186.0,80.0,0,0,0,0,---,Gold
22.0,173.0,65.0,0,0,0,0,---,---
21.0,169.0,70.0,0,0,0,0,---,---
22.0,188.0,83.0,0,0,0,0,---,---
22.0,193.0,85.0,0,0,0,0,---,---
23.0,152.0,90.0,0,0,0,0,---,---
22.0,180.0,79.0,0,0,0,0,---,Silver
20.0,173.0,71.0,0,0,0,0,---,---
20.0,190.0,82.0,0,0,0,0,---,---
19.0,186.0,83.0,0,0,0,0,---,---
37.0,176.0,80.0,0,0,0,0,---,---
25.0,193.0,87.0,0,0,0,0,---,---
23.0,178.0,78.0,0,0,0,0,---,---
18.0,181.0,83.0,0,0,0,0,---,---
21.0,194.0,78.0,0,0,0,0,---,---
20.0,185.0,82.0,0,0,0,0,---,---
25.0,163.0,53.0,0,0,0,0,---,---
26.0,183.0,73.0,0,0,0,0,---,---
24.0,190.0,85.0,0,0,0,0,Silver,Silver
17.0,177.0,68.0,0,0,0,0,---,---
24.0,185.0,87.0,0,0,0,0,---,---
18.0,180.0,78.0,0,0,0,0,---,---
25.0,183.0,78.0,0,0,0,0,---,---
21.0,184.0,74.0,0,0,0,0,---,---
21.0,183.0,94.0,0,0,0,0,---,---
19.0,183.0,66.0,0,0,0,0,---,Bronze
23.0,180.0,75.0,0,0,0,0,---,---
16.0,180.0,70.0,0,0,0,0,---,---
18.0,180.0,73.0,0,0,0,0,---,---
20.0,186.0,78.0,0,0,0,0,---,---
21.0,181.0,69.0,0,0,0,0,---,---
16.0,179.0,68.0,0,0,0,0,---,---
20.0,190.0,83.0,0,0,0,0,---,---
23.0,190.0,79.0,0,0,0,0,---,---
17.0,180.0,66.0,0,0,0,0,---,---
20.0,172.0,62.0,0,0,0,0,---,---
20.0,184.0,74.0,0,0,0,0,---,---
20.0,178.0,65.0,0,0,0,0,---,---
17.0,166.0,58.0,0,0,0,0,---,---
21.0,178.0,70.0,0,0,0,0,---,---
17.0,181.0,75.0,0,0,0,0,---,---
20.0,188.0,83.0,0,0,0,0,---,---
18.0,184.0,72.0,0,0,0,0,---,---
17.0,185.0,80.0,0,0,0,0,---,---
22.0,188.0,80.0,0,0,0,0,---,---
17.0,175.0,67.0,0,0,0,0,---,---
21.0,178.0,73.0,0,0,0,0,---,---
17.0,171.0,70.0,0,0,0,0,---,---
28.0,175.0,63.0,0,0,0,0,---,---
23.0,181.0,76.0,0,0,0,0,---,---
19.0,178.0,72.0,0,0,0,0,---,---
21.0,172.0,57.0,0,0,0,0,---,---
15.0,178.0,68.0,0,0,0,0,---,---
23.0,187.0,82.0,0,0,0,0,---,---
17.0,185.0,76.0,0,0,0,0,---,---
15.0,177.0,66.0,0,0,0,0,---,---
26.0,195.0,80.0,0,0,0,0,---,---
19.0,168.0,67.0,0,0,0,0,---,---
28.0,200.0,89.0,0,0,0,0,---,---
26.0,191.0,84.0,0,0,0,0,---,Bronze
15.0,185.0,75.0,0,0,0,0,---,---
25.0,175.0,75.0,0,0,0,0,---,---
20.0,194.0,83.0,0,0,0,0,---,---
22.0,196.0,84.0,0,0,0,0,---,---
16.0,192.0,85.0,0,0,0,0,---,---
27.0,195.0,92.0,0,0,0,0,---,---
17.0,191.0,84.0,0,0,0,0,---,---
23.0,188.0,80.0,0,0,0,0,---,Silver
21.0,191.0,91.0,0,0,0,0,Gold,Gold
28.0,190.0,86.0,0,0,0,0,---,---
23.0,186.0,75.0,0,0,0,0,---,---
18.0,183.0,76.0,0,0,0,0,---,---
28.0,188.0,84.0,0,0,0,0,Silver,Silver
21.0,178.0,70.0,0,0,0,0,---,---
18.0,180.0,72.0,0,0,0,0,---,---
19.0,177.0,65.0,0,0,0,0,---,---
21.0,190.0,82.0,0,0,0,0,---,---
22.0,176.0,64.0,0,0,0,0,---,---
23.0,181.0,77.0,0,0,0,0,---,---
24.0,186.0,87.0,0,0,0,0,---,---
29.0,190.0,85.0,0,0,0,0,---,---
19.0,179.0,67.0,0,0,0,0,---,---
23.0,186.0,87.0,0,0,0,0,---,---
19.0,173.0,71.0,0,0,0,0,---,---
20.0,194.0,86.0,0,0,0,0,---,Bronze
28.0,188.0,82.0,0,0,0,0,---,---
21.0,181.0,77.0,0,0,0,0,---,Silver
21.0,179.0,73.0,0,0,0,0,---,---
24.0,188.0,74.0,0,0,0,0,---,---
19.0,166.0,63.0,0,0,0,0,---,---
32.0,176.0,63.0,0,0,0,0,---,---
22.0,189.0,82.0,0,0,0,0,---,---
16.0,172.0,64.0,0,0,0,0,---,---
22.0,182.0,78.0,0,0,0,0,---,---
25.0,171.0,70.0,0,0,0,0,---,---
19.0,179.0,77.0,0,0,0,0,---,---
20.0,189.0,80.0,0,0,0,0,---,---
28.0,190.0,86.0,0,0,0,0,Silver,Silver
20.0,185.0,92.0,0,0,0,0,---,---
20.0,189.0,82.0,0,0,0,0,---,---
24.0,185.0,73.0,0,0,0,0,---,Gold
24.0,194.0,85.0,0,0,0,0,---,---
21.0,190.0,79.0,0,0,0,0,---,---
24.0,187.0,87.0,0,0,0,0,Gold,Gold
18.0,182.0,75.0,0,0,0,0,---,---
21.0,193.0,81.0,0,0,0,0,---,---
16.0,182.0,81.0,0,0,0,0,---,---
20.0,188.0,85.0,0,0,0,0,---,---
22.0,174.0,68.0,0,0,0,0,---,---
23.0,194.0,85.0,0,0,0,0,Silver,Silver
21.0,186.0,74.0,0,0,0,0,Gold,Silver
25.0,193.0,93.0,0,0,0,0,---,---
21.0,191.0,88.0,0,0,0,0,Gold,Gold
19.0,177.0,64.0,0,0,0,0,---,---
30.0,192.0,88.0,0,0,0,0,---,---
18.0,182.0,85.0,0,0,0,0,---,---
19.0,181.0,75.0,0,0,0,0,---,---
23.0,182.0,83.0,0,0,0,0,---,---
26.0,195.0,87.0,0,0,0,0,---,---
20.0,184.0,81.0,0,0,0,0,---,---
17.0,180.0,75.0,0,0,0,0,---,---
20.0,183.0,77.0,0,0,0,0,Gold,Gold
21.0,181.0,74.0,0,0,0,0,---,---
26.0,181.0,79.0,0,0,0,0,---,---
18.0,175.0,68.0,0,0,0,0,---,---
24.0,186.0,83.0,0,0,0,0,---,---
22.0,190.0,81.0,0,0,0,0,---,---
16.0,188.0,86.0,0,0,0,0,---,---
20.0,187.0,77.0,0,0,0,0,---,---
18.0,178.0,70.0,0,0,0,0,---,---
20.0,185.0,79.0,0,0,0,0,---,Silver
15.0,180.0,65.0,0,0,0,0,---,---
24.0,181.0,75.0,0,0,0,0,---,---
16.0,190.0,82.0,0,0,0,0,---,---
24.0,202.0,91.0,0,0,0,0,---,Bronze
16.0,185.0,85.0,0,0,0,0,---,---
26.0,190.0,81.0,0,0,0,0,---,---
23.0,193.0,88.0,0,0,0,0,---,---
20.0,188.0,80.0,0,0,0,0,Bronze,Bronze
21.0,179.0,70.0,0,0,0,0,---,---
21.0,186.0,84.0,0,0,0,0,---,---
20.0,184.0,80.0,0,0,0,0,---,---
25.0,188.0,78.0,0,0,0,0,---,---
22.0,176.0,77.0,0,0,0,0,---,---
24.0,176.0,72.0,0,0,0,0,---,---
16.0,175.0,72.0,0,0,0,0,---,---
22.0,193.0,84.0,0,0,0,0,---,---
19.0,185.0,87.0,0,0,0,0,---,---
21.0,186.0,83.0,0,0,0,0,---,---
24.0,196.0,85.0,0,0,0,0,---,---
20.0,193.0,75.0,0,0,0,0,---,---
21.0,183.0,74.0,0,0,0,0,---,---
21.0,180.0,73.0,0,0,0,0,---,---
22.0,178.0,73.0,0,0,0,0,---,---
17.0,190.0,81.0,0,0,0,0,---,---
20.0,198.0,84.0,0,0,0,0,---,---
18.0,188.0,87.0,0,0,0,0,---,---
29.0,180.0,76.0,0,0,0,0,---,---
23.0,186.0,78.0,0,0,0,0,---,---
15.0,172.0,71.0,0,0,0,0,---,Silver
19.0,173.0,70.0,0,0,0,0,---,Silver
22.0,196.0,88.0,0,0,0,0,---,---
22.0,196.0,98.0,0,0,0,0,---,---
19.0,180.0,75.0,0,0,0,0,Bronze,Bronze
25.0,185.0,83.0,0,0,0,0,Bronze,Bronze
19.0,190.0,88.0,0,0,0,0,---,---
29.0,180.0,80.0,0,0,0,0,---,---
22.0,171.0,68.0,0,0,0,0,---,---
22.0,174.0,79.0,0,0,0,0,---,---
22.0,186.0,80.0,0,0,0,0,---,---
22.0,200.0,95.0,0,0,0,0,---,Gold
20.0,178.0,70.0,0,0,0,0,Gold,Gold
18.0,182.0,70.0,0,0,0,0,---,---
25.0,190.0,86.0,0,0,0,0,---,---
21.0,191.0,91.0,0,0,0,0,Gold,Gold
15.0,173.0,70.0,0,0,0,0,---,---
19.0,183.0,74.0,0,0,0,0,---,---
25.0,185.0,75.0,0,0,0,0,---,---
27.0,185.0,74.0,0,0,0,0,---,---
21.0,186.0,78.0,0,0,0,0,---,---
18.0,184.0,79.0,0,0,0,0,---,---
28.0,170.0,65.0,0,0,0,0,Bronze,Silver
19.0,186.0,73.0,0,0,0,0,---,---
22.0,193.0,86.0,0,0,0,0,---,Silver
28.0,188.0,88.0,0,0,0,0,---,---
20.0,193.0,91.0,0,0,0,0,---,---
19.0,190.0,68.0,0,0,0,0,---,---
30.0,176.0,70.0,0,0,0,0,---,---
21.0,196.0,88.0,0,0,0,0,---,---
22.0,190.0,78.0,0,0,0,0,Bronze,Bronze
21.0,186.0,76.0,0,0,0,0,---,---
19.0,191.0,87.0,0,0,0,0,---,---
23.0,168.0,67.0,0,0,0,0,---,---
22.0,167.0,60.0,0,0,0,0,---,---
23.0,180.0,85.0,0,0,0,0,---,---
19.0,173.0,64.0,0,0,0,0,---,---
20.0,180.0,67.0,0,0,0,0,---,---
22.0,176.0,70.0,0,0,0,0,---,---
20.0,193.0,82.0,0,0,0,0,---,---
21.0,181.0,72.0,0,0,0,0,---,---
22.0,180.0,78.0,0,0,0,0,---,---
21.0,186.0,83.0,0,0,0,0,---,---
34.0,196.0,98.0,0,0,0,0,---,---
24.0,184.0,84.0,0,0,0,0,---,---
26.0,189.0,80.0,0,0,0,0,---,---
15.0,150.0,55.0,0,0,0,0,---,---
20.0,183.0,77.0,0,0,0,0,Gold,Gold
21.0,195.0,87.0,0,0,0,0,---,---
21.0,196.0,74.0,0,0,0,0,---,Bronze
19.0,180.0,75.0,0,0,0,0,---,---
26.0,187.0,100.0,0,0,0,0,---,Bronze
25.0,185.0,83.0,0,0,0,0,---,---
18.0,176.0,65.0,0,0,0,0,---,---
20.0,196.0,80.0,0,0,0,0,---,---
28.0,185.0,77.0,0,0,0,0,---,---
24.0,192.0,91.0,0,0,0,0,---,---
20.0,191.0,78.0,0,0,0,0,---,---
25.0,178.0,73.0,0,0,0,0,---,Gold
26.0,188.0,83.0,0,0,0,0,---,---
17.0,178.0,64.0,0,0,0,0,---,---
25.0,199.0,81.0,0,0,0,0,---,---
21.0,178.0,80.0,0,0,0,0,---,---
19.0,183.0,74.0,0,0,0,0,---,---
23.0,188.0,80.0,0,0,0,0,---,---
21.0,180.0,72.0,0,0,0,0,---,---
24.0,188.0,82.0,0,0,0,0,---,Bronze
24.0,183.0,77.0,0,0,0,0,---,---
22.0,183.0,75.0,0,0,0,0,---,---
24.0,191.0,87.0,0,0,0,0,---,---
18.0,190.0,78.0,0,0,0,0,---,---
21.0,166.0,68.0,0,0,0,0,---,---
23.0,181.0,66.0,0,0,0,0,---,---
22.0,199.0,94.0,0,0,0,0,---,---
21.0,176.0,72.0,0,0,0,0,---,---
22.0,193.0,86.0,0,0,0,0,Gold,---
20.0,193.0,80.0,0,0,0,0,---,---
17.0,162.0,58.0,0,0,0,0,---,---
17.0,169.0,61.0,0,0,0,0,---,---
24.0,189.0,90.0,0,0,0,0,---,---
17.0,178.0,68.0,0,0,0,0,---,---
21.0,192.0,81.0,0,0,0,0,---,---
26.0,182.0,78.0,0,0,0,0,---,---
30.0,192.0,87.0,0,0,0,0,---,---
21.0,186.0,79.0,0,0,0,0,---,---
24.0,193.0,83.0,0,0,0,0,---,---
21.0,188.0,74.0,0,0,0,0,---,---
19.0,192.0,88.0,0,0,0,0,---,---
29.0,186.0,81.0,0,0,0,0,---,---
19.0,184.0,80.0,0,0,0,0,---,---
20.0,187.0,87.0,0,0,0,0,---,---
22.0,176.0,74.0,0,0,0,0,---,---
21.0,183.0,77.0,0,0,0,0,---,---
17.0,182.0,74.0,0,0,0,0,---,---
23.0,186.0,83.0,0,0,0,0,---,---
17.0,180.0,70.0,0,0,0,0,---,---
28.0,184.0,87.0,0,0,0,0,---,---
19.0,169.0,68.0,0,0,0,0,---,Bronze
23.0,185.0,80.0,0,0,0,0,---,---
18.0,191.0,74.0,0,0,0,0,---,---
17.0,193.0,85.0,0,0,0,0,---,---
21.0,174.0,65.0,0,0,0,0,---,---
23.0,193.0,95.0,0,0,0,0,---,---
22.0,185.0,63.0,0,0,0,0,---,---
20.0,187.0,68.0,0,0,0,0,---,---
23.0,178.0,68.0,0,0,0,0,---,---
23.0,178.0,72.0,0,0,0,0,---,---
29.0,193.0,88.0,0,0,0,0,---,---
21.0,169.0,70.0,0,0,0,0,---,---
20.0,181.0,70.0,0,0,0,0,---,---
28.0,202.0,91.0,0,0,0,0,---,---
24.0,201.0,86.0,0,0,0,0,---,Gold
21.0,188.0,80.0,0,0,0,0,---,---
20.0,186.0,77.0,0,0,0,0,---,---
17.0,178.0,76.0,0,0,0,0,---,---
18.0,187.0,84.0,0,0,0,0,---,---
15.0,180.0,75.0,0,0,0,0,---,---
17.0,183.0,77.0,0,0,0,0,Gold,Bronze
23.0,181.0,85.0,0,0,0,0,---,---
26.0,190.0,80.0,0,0,0,0,---,---
20.0,190.0,81.0,0,0,0,0,---,---
22.0,190.0,74.0,0,0,0,0,---,---
22.0,195.0,95.0,0,0,0,0,---,Bronze
19.0,196.0,84.0,0,0,0,0,Gold,Gold
21.0,188.0,89.0,0,0,0,0,---,---
26.0,183.0,85.0,0,0,0,0,---,---
24.0,186.0,77.0,0,0,0,0,---,---
19.0,209.0,112.0,0,0,0,0,---,---
22.0,198.0,89.0,0,0,0,0,---,---
22.0,200.0,82.0,0,0,0,0,---,---
16.0,175.0,56.0,0,0,0,0,---,---
27.0,185.0,95.0,0,0,0,0,---,---
19.0,197.0,87.0,0,0,0,0,---,---
21.0,171.0,53.0,0,0,0,0,---,---
23.0,182.0,76.0,0,0,0,0,---,---
20.0,183.0,90.0,0,0,0,0,---,---
24.0,182.0,79.0,0,0,0,0,---,---
21.0,175.0,68.0,0,0,0,0,---,---
19.0,175.0,66.0,0,0,0,0,---,---
21.0,169.0,59.0,0,0,0,0,---,---
16.0,187.0,78.0,0,0,0,0,---,---
23.0,194.0,90.0,0,0,0,0,---,---
18.0,183.0,79.0,0,0,0,0,---,---
19.0,185.0,77.0,0,0,0,0,---,Gold
27.0,197.0,95.0,0,0,0,0,Bronze,Bronze
21.0,179.0,72.0,0,0,0,0,---,---
21.0,185.0,83.0,0,0,0,0,---,---
19.0,193.0,76.0,0,0,0,0,---,---
17.0,183.0,79.0,0,0,0,0,---,---
21.0,193.0,86.0,0,0,0,0,---,---
19.0,188.0,81.0,0,0,0,0,---,---
22.0,183.0,73.0,0,0,0,0,Gold,Gold
22.0,179.0,77.0,0,0,0,0,---,---
20.0,180.0,78.0,0,0,0,0,---,---
16.0,170.0,73.0,0,0,0,0,---,---
20.0,182.0,77.0,0,0,0,0,---,---
18.0,183.0,71.0,0,0,0,0,---,---
21.0,178.0,78.0,0,0,0,0,---,---
21.0,195.0,85.0,0,0,0,0,---,Gold
25.0,174.0,73.0,0,0,0,0,---,---
22.0,179.0,73.0,0,0,0,0,---,---
20.0,187.0,76.0,0,0,0,0,---,---
21.0,175.0,75.0,0,0,0,0,---,Silver
16.0,181.0,77.0,0,0,0,0,---,---
27.0,190.0,84.0,0,0,0,0,---,---
22.0,184.0,70.0,0,0,0,0,---,---
22.0,194.0,78.0,0,0,0,0,---,---
18.0,187.0,84.0,0,0,0,0,---,---
23.0,192.0,76.0,0,0,0,0,---,---
16.0,183.0,70.0,0,0,0,0,---,---
27.0,203.0,98.0,0,0,0,0,---,---
23.0,175.0,80.0,0,0,0,0,---,Bronze
25.0,188.0,85.0,0,0,0,0,---,---
15.0,178.0,63.0,0,0,0,0,---,---
21.0,180.0,79.0,0,0,0,0,---,---
19.0,184.0,80.0,0,0,0,0,---,---
18.0,192.0,92.0,0,0,0,0,---,---
19.0,185.0,75.0,0,0,0,0,---,---
23.0,182.0,80.0,0,1,0,0,---,---
19.0,183.0,73.0,0,0,0,0,Gold,Gold
19.0,186.0,84.0,0,0,0,0,---,---
31.0,193.0,91.0,0,0,0,0,Gold,Gold
20.0,185.0,80.0,0,0,0,0,---,---
19.0,176.0,70.0,0,0,0,0,---,---
21.0,190.0,78.0,0,0,0,0,---,---
23.0,193.0,87.0,0,0,0,0,---,---
25.0,175.0,68.0,0,0,0,0,---,---
23.0,185.0,77.0,0,0,0,0,---,---
23.0,190.0,76.0,0,0,0,0,---,---
23.0,184.0,70.0,0,0,0,0,---,---
23.0,186.0,81.0,0,0,0,0,---,Silver
22.0,185.0,63.0,0,0,0,0,---,---
21.0,168.0,78.0,0,0,0,0,---,---
24.0,183.0,80.0,0,0,0,0,---,---
16.0,182.0,73.0,0,0,0,0,---,---
23.0,180.0,80.0,0,0,0,0,---,---
19.0,188.0,80.0,0,0,0,0,---,---
24.0,180.0,70.0,0,0,0,0,---,---
26.0,190.0,74.0,0,0,0,0,---,Silver
22.0,196.0,92.0,0,0,0,0,Silver,Silver
15.0,173.0,67.0,0,0,0,0,---,---
25.0,190.0,85.0,0,0,0,0,---,---
25.0,175.0,70.0,0,0,0,0,Gold,Gold
21.0,197.0,82.0,0,0,0,0,---,---
29.0,180.0,76.0,0,0,0,0,---,---
15.0,185.0,73.0,0,0,0,0,---,---
20.0,188.0,74.0,0,0,0,0,---,---
18.0,176.0,65.0,0,0,0,0,---,---
22.0,188.0,80.0,0,0,0,0,---,---
17.0,188.0,83.0,0,0,0,0,---,---
28.0,187.0,87.0,0,0,0,0,Gold,Gold
23.0,192.0,86.0,0,0,0,0,---,---
19.0,185.0,72.0,0,0,0,0,---,Silver
22.0,183.0,67.0,0,0,0,0,---,---
29.0,188.0,77.0,0,0,0,0,---,---
24.0,194.0,87.0,0,0,0,0,---,---
25.0,190.0,84.0,0,0,0,0,---,---
21.0,186.0,82.0,0,0,0,0,---,---
20.0,175.0,78.0,0,1,0,0,---,---
18.0,195.0,86.0,0,0,0,0,---,---
24.0,173.0,66.0,0,0,0,0,Gold,---
31.0,194.0,88.0,0,0,0,0,---,---
19.0,185.0,70.0,0,0,0,0,---,---
19.0,182.0,75.0,0,0,0,0,---,---
26.0,183.0,79.0,0,0,0,0,Gold,Gold
25.0,185.0,75.0,0,0,0,0,---,---
23.0,187.0,75.0,0,0,0,0,---,---
22.0,182.0,80.0,0,0,0,0,---,---
18.0,183.0,77.0,0,0,0,0,---,---
23.0,191.0,85.0,0,0,0,0,---,---
24.0,182.0,81.0,0,0,0,0,---,---
18.0,181.0,75.0,0,0,0,0,---,---
24.0,189.0,87.0,0,0,0,0,---,---
24.0,181.0,73.0,0,0,0,0,---,---
23.0,174.0,70.0,0,0,0,0,---,---
18.0,190.0,84.0,0,0,0,0,---,---
18.0,184.0,72.0,0,0,0,0,---,---
21.0,166.0,58.0,0,0,0,0,---,---
23.0,178.0,72.0,0,0,0,0,---,---
24.0,187.0,76.0,0,0,0,0,---,---
20.0,178.0,77.0,0,0,0,0,---,---
20.0,190.0,79.0,0,0,0,0,---,---
22.0,185.0,82.0,0,0,0,0,---,---
25.0,190.0,82.0,0,0,0,0,---,---
25.0,190.0,83.0,0,0,0,0,---,---
18.0,171.0,64.0,0,0,0,0,---,---
21.0,191.0,85.0,0,0,0,0,---,---
23.0,168.0,67.0,0,0,0,0,---,---
23.0,195.0,85.0,0,0,0,0,---,---
22.0,186.0,83.0,0,0,0,0,---,---
22.0,170.0,68.0,0,0,0,0,---,---
21.0,169.0,62.0,0,0,0,0,---,---
18.0,193.0,80.0,0,0,0,0,---,---
22.0,182.0,83.0,0,0,0,0,---,---
31.0,183.0,87.0,0,0,0,0,---,---
18.0,166.0,75.0,0,0,0,0,---,---
20.0,176.0,72.0,0,0,0,0,---,---
23.0,172.0,67.0,0,0,0,0,Bronze,Bronze
22.0,170.0,68.0,0,0,0,0,---,---
25.0,185.0,73.0,0,0,0,0,---,---
27.0,186.0,83.0,0,0,0,0,---,---
27.0,193.0,78.0,0,0,0,0,---,---
19.0,170.0,66.0,0,0,0,0,---,---
25.0,193.0,86.0,0,0,0,0,Gold,Gold
23.0,191.0,81.0,0,0,0,0,---,---
19.0,185.0,68.0,0,0,0,0,---,---
27.0,190.0,97.0,0,0,0,0,---,---
26.0,187.0,73.0,0,0,0,0,---,---
22.0,190.0,85.0,0,0,0,0,---,---
17.0,187.0,72.0,0,0,0,0,---,---
21.0,178.0,68.0,0,0,0,0,---,---
24.0,192.0,94.0,0,0,0,0,---,---
20.0,175.0,71.0,0,0,0,0,---,---
27.0,185.0,77.0,0,0,0,0,---,---
22.0,183.0,79.0,0,0,0,0,---,---
23.0,193.0,78.0,0,0,0,0,---,---
17.0,193.0,72.0,0,0,0,0,Gold,Gold
20.0,198.0,88.0,0,0,0,0,Gold,Gold
24.0,189.0,90.0,0,0,0,0,---,---
28.0,198.0,96.0,0,0,0,0,---,Silver
27.0,190.0,84.0,0,1,0,0,---,---
28.0,195.0,92.0,0,0,0,0,---,---
23.0,181.0,75.0,0,0,0,0,---,---
20.0,190.0,81.5,0,0,0,0,---,---
20.0,179.0,70.0,0,0,0,0,---,---
23.0,195.0,82.0,0,0,0,0,Gold,Gold
21.0,185.0,77.0,0,0,0,0,---,---
27.0,185.0,72.0,0,0,0,0,---,---
28.0,193.0,85.0,0,0,0,0,---,Gold
19.0,152.0,90.0,0,0,0,0,Bronze,Silver
20.0,180.0,80.0,0,0,0,0,---,---
26.0,183.0,84.0,0,0,0,0,---,---
24.0,194.0,85.0,0,0,0,0,---,---
16.0,174.0,70.0,0,0,0,0,---,---
22.0,192.0,78.0,0,0,0,0,---,---
23.0,178.0,76.0,0,0,0,0,---,---
21.0,182.0,70.0,0,0,0,0,---,---
19.0,193.0,80.0,0,0,0,0,---,---
19.0,190.0,84.0,0,0,0,0,---,---
17.0,186.0,69.0,0,0,0,0,---,---
23.0,194.0,88.0,0,0,0,0,---,---
19.0,176.0,68.0,0,0,0,0,---,---
21.0,175.0,71.0,0,0,0,0,---,---
29.0,178.0,73.0,0,0,0,0,---,---
25.0,173.0,68.0,0,0,0,0,---,---
18.0,186.0,80.0,0,0,0,0,---,---
24.0,191.0,82.0,0,0,0,0,---,---
20.0,199.0,88.0,0,0,0,0,Bronze,Bronze
22.0,193.0,90.0,0,0,0,0,Gold,Gold
22.0,184.0,86.0,0,0,0,0,---,---
17.0,180.0,73.0,0,0,0,0,---,---
25.0,204.0,95.0,0,0,0,0,---,---
16.0,191.0,83.0,0,0,0,0,---,---
18.0,185.0,88.0,0,0,0,0,---,Silver
21.0,171.0,72.0,0,0,0,0,---,---
19.0,176.0,70.0,0,0,0,0,---,---
22.0,195.0,83.0,0,0,0,0,---,---
18.0,192.0,87.0,0,0,0,0,---,---
21.0,193.0,80.0,0,0,0,0,---,---
19.0,183.0,82.0,0,0,0,0,---,---
26.0,196.0,88.0,0,0,0,0,---,---
22.0,196.0,98.0,0,0,0,0,---,---
22.0,178.0,80.0,0,0,0,0,---,---
28.0,188.0,80.0,0,0,0,0,---,---
19.0,192.0,76.0,0,0,0,0,---,---
20.0,159.0,57.0,0,0,0,0,---,---
23.0,193.0,80.0,0,0,0,0,---,---
21.0,184.0,81.0,0,0,0,0,---,---
20.0,190.0,82.0,0,0,0,0,---,---
20.0,173.0,68.0,0,0,0,0,---,---
29.0,174.0,70.0,0,0,0,0,---,---
20.0,180.0,73.0,0,0,0,0,---,---
29.0,194.0,90.0,0,0,0,0,---,---
20.0,177.0,69.0,0,0,0,0,---,---
28.0,190.0,87.0,0,0,0,0,---,---
19.0,178.0,76.0,0,0,0,0,---,---
31.0,188.0,83.0,0,0,0,0,---,---
19.0,185.0,77.0,0,0,0,0,---,Bronze
28.0,184.0,75.0,0,0,0,0,---,---
25.0,179.0,75.0,0,0,0,0,---,---
22.0,183.0,82.0,0,0,0,0,---,---
25.0,180.0,75.0,0,0,0,0,---,---
24.0,176.0,77.0,0,0,0,0,---,---
18.0,179.0,73.0,0,0,0,0,---,---
19.0,203.0,90.0,0,0,0,0,---,---
19.0,182.0,75.0,0,0,0,0,---,---
16.0,179.0,71.0,0,0,0,0,---,---
21.0,191.0,85.0,0,0,0,0,---,---
17.0,171.0,70.0,0,0,0,0,---,---
29.0,170.0,66.0,0,0,0,0,---,---
20.0,184.0,86.0,0,0,0,0,Silver,Silver
23.0,186.0,73.0,0,0,0,0,---,---
18.0,186.0,85.0,0,0,0,0,---,---
21.0,193.0,88.0,0,0,0,0,---,---
21.0,177.0,75.0,0,0,0,0,---,---
24.0,177.0,70.0,0,0,0,0,---,---
18.0,198.0,97.0,0,0,0,0,---,Bronze
26.0,184.0,79.0,0,0,0,0,---,---
21.0,188.0,79.0,0,0,0,0,---,---
20.0,175.0,66.0,0,0,0,0,---,---
21.0,176.0,60.0,0,0,0,0,---,---
29.0,198.0,90.0,0,0,0,0,---,---
19.0,173.0,67.0,0,0,0,0,---,---
27.0,189.0,78.0,0,0,0,0,---,---
18.0,185.0,79.0,0,0,0,0,---,---
19.0,184.0,76.0,0,0,0,0,---,---
21.0,194.0,90.0,0,0,0,0,---,---
27.0,193.0,91.0,0,0,0,0,Silver,Silver
24.0,197.0,95.0,0,0,0,0,---,---
22.0,190.0,90.0,0,0,0,0,---,---
26.0,185.0,77.0,0,0,0,0,---,---
17.0,182.0,67.0,0,0,0,0,---,---
20.0,175.0,64.0,0,0,0,0,---,---
16.0,188.0,71.0,0,0,0,0,---,---
19.0,189.0,80.0,0,0,0,0,---,---
21.0,180.0,76.0,0,0,0,0,---,---
24.0,190.0,86.0,0,0,0,0,---,---
22.0,181.0,76.0,0,0,0,0,---,---
24.0,185.0,81.0,0,0,0,0,Bronze,Bronze
20.0,185.0,73.0,0,0,0,0,---,Bronze
17.0,194.0,85.0,0,0,0,0,---,Bronze
23.0,176.0,67.0,0,0,0,0,---,---
25.0,188.0,77.0,0,0,0,0,---,---
16.0,188.0,71.0,0,0,0,0,---,---
24.0,185.0,82.0,0,0,0,0,---,---
21.0,194.0,90.0,0,0,0,0,---,---
23.0,170.0,66.0,0,0,0,0,---,---
25.0,190.0,82.0,0,0,0,0,Bronze,Bronze
22.0,193.0,74.0,0,0,0,0,---,---
19.0,195.0,80.0,0,0,0,0,---,---
24.0,190.0,85.0,0,0,0,0,---,---
27.0,201.0,92.0,0,0,0,0,---,---
19.0,180.0,65.0,0,0,0,0,---,---
18.0,185.0,75.0,0,0,0,0,---,---
21.0,198.0,94.0,0,0,0,0,---,---
25.0,188.0,85.0,0,0,0,0,---,---
24.0,182.0,75.0,0,0,0,0,---,---
20.0,178.0,72.0,0,0,0,0,---,---
20.0,175.0,75.0,0,0,0,0,---,---
26.0,194.0,97.0,0,0,0,0,---,---
24.0,188.0,78.0,0,0,0,0,---,---
19.0,178.0,72.0,0,0,0,0,---,---
26.0,180.0,78.0,0,0,0,0,---,---
16.0,165.0,63.0,0,0,0,0,---,---
22.0,191.0,84.0,0,0,0,0,Bronze,Bronze
19.0,188.0,86.0,0,0,0,0,---,---
18.0,183.0,76.0,0,0,0,0,---,---
23.0,191.0,84.0,0,0,0,0,Gold,---
23.0,193.0,91.0,0,0,0,0,Gold,Gold
18.0,177.0,70.0,0,0,0,0,---,---
24.0,180.0,74.0,0,0,0,0,---,---
30.0,189.0,70.0,0,0,0,0,---,---
24.0,176.0,74.0,0,0,0,0,---,---
20.0,207.0,72.0,0,0,0,0,---,---
20.0,198.0,96.0,0,0,0,0,---,Gold
24.0,187.0,77.0,0,0,0,0,---,---
18.0,182.0,72.0,0,0,0,0,---,---
25.0,186.0,81.0,0,0,0,0,---,---
27.0,180.0,78.0,0,0,0,0,---,---
25.0,183.0,73.0,0,0,0,0,---,---
17.0,185.0,78.0,0,0,0,0,---,---
21.0,187.0,74.0,0,0,0,0,---,---
24.0,194.0,92.0,0,0,0,0,---,---
20.0,184.0,67.0,0,0,0,0,---,---
24.0,195.0,89.0,0,0,0,0,---,---
16.0,172.0,64.0,0,0,0,0,---,---
16.0,177.0,73.0,0,0,0,0,---,---
25.0,182.0,82.0,0,0,0,0,---,---
21.0,180.0,70.0,0,0,0,0,Silver,Silver
22.0,193.0,80.0,0,0,0,0,---,---
25.0,192.0,80.0,0,0,0,0,---,---
24.0,193.0,76.0,0,0,0,0,---,---
24.0,188.0,77.0,0,0,0,0,---,---
19.0,167.0,68.0,0,0,0,0,Gold,Silver
25.0,195.0,80.0,0,0,0,0,---,---
22.0,183.0,76.0,0,0,0,0,---,---
19.0,172.0,71.0,0,0,0,0,---,Gold
16.0,185.0,76.0,0,0,0,0,---,---
19.0,184.0,71.0,0,0,0,0,---,---
24.0,189.0,80.0,0,0,0,0,---,---
19.0,181.0,75.0,0,0,0,0,Bronze,Bronze
18.0,182.0,72.0,0,0,0,0,---,---
25.0,195.0,96.0,0,0,0,0,---,---
21.0,181.0,72.0,0,0,0,0,---,---
17.0,181.0,75.0,0,0,0,0,---,---
24.0,188.0,78.0,0,0,0,0,---,---
21.0,193.0,88.0,0,0,0,0,---,---
18.0,189.0,80.0,0,0,0,0,---,---
20.0,176.0,72.0,0,0,0,0,---,---
26.0,202.0,88.0,0,0,0,0,---,Silver
24.0,177.0,77.0,0,0,0,0,---,---
25.0,166.0,58.0,0,0,0,0,---,---
18.0,179.0,69.0,0,0,0,0,---,---
20.0,180.0,84.0,0,0,0,0,---,---
18.0,178.0,76.0,0,0,0,0,---,---
17.0,186.0,78.0,0,0,0,0,---,---
21.0,187.0,82.0,0,0,0,0,---,---
20.0,198.0,85.0,0,0,0,0,Silver,Silver
21.0,188.0,74.0,0,0,0,0,---,---
25.0,183.0,72.0,0,0,0,0,---,Bronze
23.0,188.0,84.0,0,0,0,0,---,Bronze
22.0,195.0,85.0,0,0,0,0,---,---
18.0,173.0,68.0,0,0,0,0,---,---
18.0,192.0,82.0,0,0,0,0,---,---
24.0,185.0,75.0,0,0,0,0,---,---
18.0,174.0,67.0,0,0,0,0,---,---
21.0,180.0,70.0,0,0,0,0,---,---
21.0,176.0,66.0,0,0,0,0,---,---
29.0,187.0,82.0,0,0,0,0,---,---
20.0,175.0,52.0,0,0,0,0,---,---
26.0,193.0,85.0,0,0,0,0,---,---
23.0,192.0,76.0,0,0,0,0,---,---
21.0,191.0,86.0,0,0,0,0,---,---
18.0,178.0,64.0,0,0,0,0,---,---
23.0,165.0,66.0,0,0,0,0,---,Gold
33.0,200.0,84.0,0,0,0,0,---,---
23.0,190.0,84.0,0,0,0,0,---,---
21.0,192.0,85.0,0,0,0,0,---,---
21.0,182.0,80.0,0,0,0,0,---,---
22.0,198.0,89.0,0,0,0,0,---,---
27.0,188.0,75.0,0,0,0,0,---,---
23.0,184.0,85.0,0,0,0,0,---,---
20.0,202.0,91.0,0,0,0,0,---,---
19.0,191.0,80.0,0,0,0,0,---,Gold
18.0,189.0,73.0,0,0,0,0,---,---
19.0,187.0,80.0,0,0,0,0,---,Bronze
20.0,180.0,74.0,0,0,0,0,---,---
23.0,192.0,84.0,0,0,0,0,---,---
19.0,188.0,90.0,0,0,0,0,---,---
21.0,187.0,80.0,0,0,0,0,---,---
20.0,177.0,73.0,0,0,0,0,---,---
23.0,174.0,70.0,0,0,0,0,Silver,Silver
26.0,188.0,84.0,0,0,0,0,---,---
22.0,189.0,80.0,0,0,0,0,---,---
16.0,170.0,60.0,0,0,0,0,---,---
15.0,174.0,64.0,0,0,0,0,---,---
26.0,189.0,80.0,0,0,0,0,---,---
18.0,183.0,76.0,0,0,0,0,---,Bronze
18.0,180.0,76.0,0,0,0,0,---,---
18.0,191.0,77.0,0,0,0,0,---,---
19.0,186.0,73.0,0,0,0,0,---,---
17.0,185.0,78.0,0,0,0,0,---,---
23.0,180.0,84.0,0,0,0,0,---,---
20.0,172.0,68.0,0,0,0,0,---,---
21.0,185.0,73.0,0,0,0,0,---,---
21.0,185.0,75.0,0,0,0,0,---,---
21.0,176.0,71.0,0,0,0,0,---,---
16.0,175.0,78.0,0,1,0,0,---,---
21.0,184.0,74.0,0,0,0,0,Bronze,Silver
23.0,167.0,65.0,0,0,0,0,---,Bronze
25.0,194.0,92.0,0,0,0,0,---,---
19.0,183.0,83.0,0,0,0,0,---,---
29.0,185.0,72.0,0,0,0,0,---,---
21.0,185.0,76.0,0,0,0,0,---,---
18.0,176.0,77.0,0,0,0,0,---,---
19.0,174.0,80.0,0,0,0,0,---,---
21.0,178.0,62.0,0,0,0,0,---,---
19.0,175.0,66.0,0,0,0,0,---,---
26.0,198.0,97.0,0,0,0,0,Gold,Gold
22.0,186.0,80.0,0,0,0,0,---,---
20.0,182.0,76.0,0,0,0,0,---,---
27.0,184.0,77.0,0,0,0,0,---,---
28.0,180.0,78.0,0,0,0,0,---,---
16.0,183.0,75.0,0,0,0,0,---,---
27.0,201.0,92.0,0,0,0,0,---,---
25.0,181.0,69.0,0,0,0,0,---,---
16.0,170.0,73.0,0,0,0,0,---,---
16.0,175.0,65.0,0,0,0,0,---,---
26.0,185.0,84.0,0,0,0,0,---,Silver
15.0,178.0,63.0,0,0,0,0,---,---
19.0,180.0,77.0,0,0,0,0,---,---
21.0,186.0,90.0,0,0,0,0,---,---
18.0,189.0,78.0,0,0,0,0,---,---
26.0,189.0,80.0,0,0,0,0,---,---
18.0,192.0,74.0,0,0,0,0,---,---
19.0,184.0,74.0,0,0,0,0,---,---
23.0,183.0,81.0,0,0,0,0,---,---
20.0,193.0,85.0,0,0,0,0,---,---
20.0,194.0,85.0,0,0,0,0,---,---
20.0,185.0,82.0,0,0,0,0,---,---
19.0,187.0,87.0,0,0,0,0,---,---
17.0,184.0,74.0,0,0,0,0,---,---
24.0,190.0,90.0,0,0,0,0,---,---
15.0,180.0,76.0,0,0,0,0,---,---
23.0,188.0,84.0,0,0,0,0,Gold,Gold
17.0,171.0,70.0,0,0,0,0,---,---
18.0,179.0,78.0,0,0,0,0,---,---
16.0,187.0,68.0,0,0,0,0,---,---
23.0,181.0,73.0,0,0,0,0,---,---
21.0,181.0,74.0,0,0,0,0,---,---
19.0,173.0,71.0,0,0,0,0,---,---
22.0,184.0,84.0,0,0,0,0,---,---
19.0,186.0,81.0,0,0,0,0,---,---
19.0,187.0,80.0,0,0,0,0,---,---
19.0,188.0,77.0,0,0,0,0,---,---
16.0,175.0,71.0,0,0,0,0,---,---
25.0,193.0,93.0,0,0,0,0,---,---
20.0,201.0,86.0,0,0,0,0,---,Gold
19.0,174.0,70.0,0,0,0,0,---,---
24.0,182.0,77.0,0,0,0,0,---,---
20.0,183.0,83.0,0,0,0,0,---,---
28.0,185.0,78.0,0,0,0,0,---,---
17.0,173.0,67.0,0,0,0,0,---,---
28.0,190.0,90.0,0,0,0,0,---,---
27.0,194.0,90.0,0,0,0,0,---,Bronze
22.0,198.0,93.0,0,0,0,0,---,---
22.0,175.0,75.0,0,0,0,0,---,---
17.0,170.0,69.0,0,0,0,0,---,---
26.0,191.0,90.0,0,0,0,0,---,---
21.0,193.0,93.0,0,0,0,0,---,---
21.0,178.0,79.0,0,0,0,0,---,---
23.0,180.0,73.0,0,0,0,0,---,---
19.0,157.0,64.0,0,0,0,0,---,---
26.0,182.0,80.0,0,0,0,0,---,---
19.0,183.0,74.0,0,0,0,0,---,---
17.0,180.0,67.0,0,0,0,0,Gold,Gold
24.0,195.0,84.0,0,0,0,0,---,---
27.0,185.0,77.0,0,0,0,0,---,---
24.0,185.0,70.0,0,0,0,0,---,---
22.0,181.0,75.0,0,0,0,0,---,---
25.0,180.0,77.0,0,0,0,0,Gold,Gold
24.0,180.0,74.0,0,0,0,0,---,---
21.0,178.0,80.0,0,0,0,0,---,---
23.0,209.0,112.0,0,0,0,0,---,---
19.0,186.0,88.0,0,0,0,0,---,---
18.0,168.0,73.0,0,0,0,0,---,---
20.0,185.0,78.0,0,0,0,0,---,---
13.0,163.0,55.0,0,0,0,0,---,---
21.0,177.0,79.0,0,0,0,0,---,---
23.0,194.0,88.0,0,0,0,0,---,---
21.0,175.0,70.0,0,0,0,0,---,Silver
26.0,183.0,73.0,0,0,0,0,---,---
18.0,178.0,69.0,0,0,0,0,---,---
18.0,182.0,76.0,0,0,0,0,---,---
30.0,193.0,80.0,0,0,0,0,---,---
21.0,180.0,72.0,0,0,0,0,---,---
19.0,178.0,68.0,0,0,0,0,---,---
22.0,184.0,83.0,0,0,0,0,---,---
21.0,175.0,70.0,0,0,0,0,Gold,Gold
21.0,170.0,62.0,0,0,0,0,---,---
24.0,195.0,86.0,0,0,0,0,---,---
25.0,198.0,97.0,0,0,0,0,---,---
22.0,187.0,74.0,0,0,0,0,---,---
20.0,198.0,90.0,0,0,0,0,---,---
25.0,196.0,95.0,0,0,0,0,---,---
21.0,190.0,85.0,0,0,0,0,---,---
16.0,179.0,70.0,0,0,0,0,---,---
19.0,178.0,69.0,0,0,0,0,---,---
26.0,186.0,78.0,0,0,0,0,---,---
21.0,181.0,70.0,0,0,0,0,Gold,Gold
17.0,181.0,73.0,0,0,0,0,---,---
35.0,193.0,90.0,0,0,0,0,---,---
19.0,187.0,83.0,0,0,0,0,---,---
24.0,174.0,73.0,0,0,0,0,---,---
17.0,174.0,66.0,0,0,0,0,---,---
18.0,196.0,84.0,0,0,0,0,---,---
16.0,175.0,65.0,0,0,0,0,---,---
22.0,166.0,75.0,0,0,0,0,---,---
22.0,178.0,76.0,0,0,0,0,---,---
18.0,183.0,78.0,0,0,0,0,---,---
19.0,190.0,83.0,0,0,0,0,---,---
16.0,190.0,75.0,0,0,0,0,---,---
18.0,180.0,74.0,0,0,0,0,---,---
24.0,190.0,81.0,0,0,0,0,---,---
26.0,186.0,74.0,0,0,0,0,---,---
24.0,190.0,82.0,0,0,0,0,---,---
16.0,175.0,62.0,0,0,0,0,---,---
24.0,174.0,76.0,0,0,0,0,---,---
19.0,175.0,80.0,0,0,0,0,---,---
19.0,176.0,64.0,0,0,0,0,---,---
20.0,178.0,72.0,0,0,0,0,---,---
18.0,189.0,73.0,0,0,0,0,---,---
20.0,191.0,85.0,0,0,0,0,---,---
16.0,181.0,70.0,0,0,0,0,---,---
22.0,185.0,73.0,0,0,0,0,---,---
25.0,206.0,92.0,0,0,0,0,---,---
22.0,183.0,73.0,0,0,0,0,---,---
25.0,191.0,92.0,0,0,0,0,---,---
23.0,190.0,87.0,0,0,0,0,---,---
19.0,179.0,64.0,0,0,0,0,---,Silver
27.0,186.0,72.0,0,0,0,0,---,---
23.0,193.0,95.0,0,0,0,0,---,---
19.0,175.0,60.0,0,0,0,0,---,---
19.0,180.0,70.0,0,0,0,0,---,---
20.0,180.0,70.0,0,0,0,0,---,---
25.0,178.0,80.0,0,0,0,0,---,---
19.0,186.0,84.0,0,0,0,0,---,---
23.0,185.0,73.0,0,0,0,0,---,Silver
17.0,185.0,80.0,0,0,0,0,Gold,Gold
25.0,182.0,75.0,0,0,0,0,---,---
22.0,188.0,77.0,0,0,0,0,---,Silver
19.0,168.0,67.0,0,0,0,0,---,---
18.0,180.0,73.0,0,0,0,0,---,---
20.0,188.0,91.0,0,0,0,0,---,---
19.0,186.0,83.0,0,0,0,0,---,Bronze
21.0,181.0,74.0,0,0,0,0,---,---
25.0,188.0,85.0,0,0,0,0,---,---
19.0,174.0,70.0,0,0,0,0,---,Bronze
20.0,188.0,79.0,0,0,0,0,---,---
23.0,193.0,84.0,0,0,0,0,---,---
21.0,183.0,77.0,0,0,0,0,---,---
22.0,188.0,83.0,0,0,0,0,---,Silver
22.0,193.0,84.0,0,0,0,0,---,---
22.0,182.0,72.0,0,0,0,0,---,---
20.0,190.0,90.0,0,0,0,0,---,---
18.0,176.0,76.0,0,0,0,0,---,---
30.0,188.0,83.0,0,0,0,0,---,---
17.0,182.0,75.0,0,0,0,0,---,---
19.0,198.0,85.0,0,0,0,0,---,---
22.0,190.0,76.0,0,0,0,0,---,---
21.0,193.0,91.0,0,0,0,0,Gold,Gold
23.0,190.0,88.0,0,0,0,0,---,---
30.0,195.0,93.0,0,0,0,0,---,---
18.0,179.0,84.0,0,0,0,0,Bronze,Bronze
23.0,184.0,72.0,0,0,0,0,---,---
20.0,178.0,66.0,0,0,0,0,---,---
18.0,161.0,57.0,0,0,0,0,---,---
15.0,179.0,79.0,0,0,0,0,---,---
19.0,193.0,91.0,0,0,0,0,---,Bronze
23.0,185.0,78.0,0,0,0,0,---,---
23.0,178.0,72.0,0,0,0,0,---,---
21.0,194.0,90.0,0,0,0,0,---,---
21.0,193.0,93.0,0,0,0,0,---,---
22.0,180.0,75.0,0,0,0,0,---,---
21.0,185.0,82.0,0,0,0,0,---,---
27.0,184.0,71.0,0,0,0,0,---,---
25.0,181.0,74.0,0,0,0,0,---,---
20.0,181.0,70.0,0,0,0,0,---,---
21.0,185.0,75.0,0,0,0,0,---,---
22.0,196.0,94.0,0,1,0,0,---,---
15.0,179.0,79.0,0,0,0,0,---,---
19.0,193.0,91.0,0,0,0,0,Gold,Gold
17.0,179.0,74.0,0,0,0,0,---,---
20.0,202.0,91.0,0,0,0,0,---,---
23.0,187.0,87.0,0,0,0,0,---,---
19.0,183.0,70.0,0,0,0,0,---,Silver
23.0,185.0,79.0,0,0,0,0,---,---
18.0,182.0,64.0,0,0,0,0,---,---
30.0,180.0,73.0,0,0,0,0,---,---
22.0,186.0,78.0,0,0,0,0,---,---
19.0,178.0,72.0,0,0,0,0,---,---
24.0,188.0,83.0,0,0,0,0,---,---
15.0,181.0,81.0,0,0,0,0,---,---
18.0,172.0,64.0,0,0,0,0,---,---
22.0,178.0,70.0,0,0,0,0,---,---
24.0,184.0,81.0,0,0,0,0,---,---
24.0,192.0,84.0,0,0,0,0,---,---
24.0,188.0,90.0,0,0,0,0,---,---
20.0,191.0,83.0,0,0,0,0,---,---
30.0,183.0,68.0,0,0,0,0,---,---
18.0,187.0,84.0,0,0,0,0,---,---
20.0,189.0,83.0,0,0,0,0,---,---
20.0,184.0,72.0,0,0,0,0,---,---
22.0,196.0,84.0,0,0,0,0,---,---
18.0,178.0,70.0,0,0,0,0,---,---
23.0,180.0,76.0,0,0,0,0,---,---
22.0,180.0,68.0,0,0,0,0,Gold,Gold
20.0,180.0,76.0,0,0,0,0,---,---
22.0,182.0,75.0,0,0,0,0,---,---
19.0,183.0,73.0,0,0,0,0,---,---
23.0,197.0,87.0,0,0,0,0,---,---
18.0,185.0,72.0,0,0,0,0,---,---
18.0,188.0,79.0,0,0,0,0,---,---
26.0,167.0,62.0,0,0,0,0,---,---
21.0,173.0,68.0,0,0,0,0,---,---
18.0,182.0,68.0,0,0,0,0,---,---
22.0,177.0,70.0,0,0,0,0,---,---
18.0,180.0,76.0,0,0,0,0,---,---
16.0,189.0,75.0,0,0,0,0,---,---
22.0,195.0,85.0,0,0,0,0,---,---
20.0,182.0,68.0,0,0,0,0,---,---
22.0,167.0,71.0,0,0,0,0,---,---
22.0,195.0,88.0,0,0,0,0,---,---
26.0,192.0,85.0,0,0,0,0,---,---
20.0,178.0,71.0,0,0,0,0,---,---
18.0,185.0,81.0,0,0,0,0,---,---
25.0,173.0,68.0,0,0,0,0,---,---
20.0,185.0,77.0,0,0,0,0,---,---
28.0,180.0,74.0,0,0,0,0,---,---
21.0,175.0,74.0,0,0,0,0,---,---
18.0,186.0,80.0,0,0,0,0,---,---
25.0,193.0,87.0,0,0,0,0,---,---
19.0,170.0,73.0,0,0,0,0,---,---
19.0,184.0,71.0,0,0,0,0,---,---
21.0,183.0,78.0,0,0,0,0,---,---
15.0,170.0,59.0,0,0,0,0,---,---
28.0,176.0,63.0,0,0,0,0,---,---
16.0,182.0,72.0,0,0,0,0,---,---
20.0,185.0,71.0,0,0,0,0,---,---
19.0,185.0,77.0,0,0,0,0,---,---
21.0,168.0,60.0,0,0,0,0,---,---
19.0,185.0,76.0,0,0,0,0,---,---
21.0,197.0,90.0,0,0,0,0,---,---
19.0,184.0,75.0,0,0,0,0,---,---
19.0,190.0,72.0,0,0,0,0,---,Silver
23.0,188.0,78.0,0,0,0,0,---,Gold
19.0,167.0,67.0,0,0,0,0,---,---
22.0,167.0,71.0,0,0,0,0,---,---
25.0,197.0,90.0,0,0,0,0,---,---
21.0,171.0,70.0,0,0,0,0,---,---
27.0,193.0,91.0,0,0,0,0,---,Gold
17.0,190.0,80.0,0,0,0,0,---,---
24.0,201.0,88.0,0,0,0,0,---,---
20.0,198.0,89.0,0,0,0,0,---,Silver
18.0,150.0,55.0,0,0,0,0,---,---
28.0,180.0,75.0,0,0,0,0,---,---
22.0,178.0,71.0,0,0,0,0,---,---
18.0,180.0,79.0,0,0,0,0,Gold,Gold
20.0,184.0,84.0,0,0,0,0,---,---
20.0,194.0,83.0,0,0,0,0,---,---
22.0,180.0,74.0,0,0,0,0,---,---
28.0,193.0,90.0,0,0,0,0,---,---
20.0,194.0,85.0,0,0,0,0,---,---
17.0,177.0,68.0,0,0,0,0,---,Bronze
18.0,184.0,70.0,0,0,0,0,---,---
19.0,184.0,77.0,0,0,0,0,---,---
21.0,186.0,75.0,0,0,0,0,---,---
21.0,194.0,87.0,0,0,0,0,Gold,---
20.0,186.0,81.0,0,0,0,0,Bronze,---
22.0,195.0,96.0,0,0,0,0,---,---
20.0,178.0,66.0,0,0,0,0,---,Bronze
26.0,191.0,81.0,0,0,0,0,Silver,Silver
22.0,200.0,88.0,0,0,0,0,---,---
22.0,178.0,71.0,0,0,0,0,---,---
15.0,172.0,68.0,0,0,0,0,---,---
19.0,196.0,88.0,0,0,0,0,Gold,Gold
22.0,190.0,81.0,0,0,0,0,---,---
29.0,188.0,77.0,0,0,0,0,---,---
20.0,202.0,105.0,0,0,0,0,---,---
21.0,178.0,73.0,0,0,0,0,---,---
23.0,185.0,74.0,0,0,0,0,---,---
19.0,174.0,70.0,0,0,0,0,---,---
18.0,177.0,70.0,0,0,0,0,---,---
23.0,188.0,83.0,0,0,0,0,Gold,Gold
19.0,180.0,78.0,0,0,0,0,---,---
18.0,180.0,79.0,0,0,0,0,---,Gold
16.0,177.0,65.0,0,0,0,0,---,---
21.0,185.0,92.0,0,0,0,0,---,---
17.0,191.0,84.0,0,0,0,0,---,---
25.0,185.0,78.0,0,0,0,0,---,---
25.0,183.0,79.0,0,0,0,0,---,---
19.0,188.0,78.0,0,0,0,0,---,---
20.0,180.0,74.0,0,0,0,0,---,---
22.0,190.0,77.0,0,0,0,0,---,---
20.0,185.0,71.0,0,0,0,0,---,---
23.0,193.0,95.0,0,0,0,0,---,---
21.0,172.0,60.0,0,0,0,0,---,---
18.0,176.0,64.0,0,0,0,0,---,---
24.0,190.0,82.0,0,0,0,0,---,---
29.0,190.0,88.0,0,0,0,0,---,---
20.0,185.0,72.0,0,0,0,0,---,---
18.0,171.0,66.0,0,0,0,0,---,---
15.0,173.0,67.0,0,0,0,0,---,---
25.0,187.0,77.0,0,0,0,0,---,---
23.0,197.0,95.0,0,0,0,0,---,Bronze
20.0,173.0,73.0,0,0,0,0,---,---
21.0,177.0,75.0,0,0,0,0,---,---
25.0,191.0,85.0,0,0,0,0,---,---
21.0,194.0,88.0,0,0,0,0,---,---
22.0,175.0,75.0,0,0,0,0,---,---
20.0,174.0,65.0,0,0,0,0,---,---
18.0,176.0,61.0,0,0,0,0,---,Bronze
23.0,182.0,78.0,0,0,0,0,---,---
23.0,171.0,65.0,0,0,0,0,---,---
21.0,175.0,75.0,0,0,0,0,---,---
25.0,170.0,66.0,0,0,0,0,---,---
17.0,181.0,76.0,0,0,0,0,---,---
17.0,183.0,77.0,0,0,0,0,---,---
21.0,188.0,88.0,0,0,0,0,---,---
20.0,180.0,79.0,0,0,0,0,---,---
19.0,181.0,77.0,0,0,0,0,---,---
21.0,190.0,86.0,0,0,0,0,---,---
15.0,176.0,68.0,0,0,0,0,---,---
21.0,196.0,85.0,0,0,0,0,---,---
15.0,185.0,80.0,0,0,0,0,---,---
32.0,188.0,88.0,0,0,0,0,---,---
23.0,198.0,100.0,0,0,0,0,Silver,Silver
23.0,175.0,77.0,0,0,0,0,---,---
19.0,178.0,79.0,0,0,0,0,---,---
21.0,183.0,74.0,0,0,0,0,---,---
20.0,200.0,87.0,0,0,0,0,Silver,Silver
22.0,185.0,63.0,0,0,0,0,---,---
21.0,182.0,87.0,0,0,0,0,---,---
20.0,190.0,82.0,0,0,0,0,---,---
20.0,187.0,78.0,0,0,0,0,---,---
26.0,192.0,80.0,0,0,0,0,---,---
28.0,196.0,93.0,0,0,0,0,---,---
18.0,184.0,73.0,0,0,0,0,---,---
25.0,191.0,85.0,0,0,0,0,---,---
19.0,182.0,75.0,0,0,0,0,---,---
24.0,190.0,84.0,0,0,0,0,---,---
19.0,185.0,72.0,0,0,0,0,---,---
18.0,183.0,80.0,0,0,0,0,---,---
23.0,194.0,85.0,0,0,0,0,---,---
24.0,186.0,77.0,0,0,0,0,---,---
25.0,184.0,82.0,0,0,0,0,---,---
22.0,171.0,68.0,0,0,0,0,Bronze,Bronze
22.0,184.0,76.0,0,0,0,0,---,---
22.0,181.0,75.0,0,0,0,0,---,---
18.0,185.0,75.0,0,0,0,0,---,---
26.0,190.0,74.0,0,0,0,0,---,---
23.0,187.0,75.0,0,0,0,0,---,---
21.0,190.0,85.0,0,0,0,0,---,---
19.0,187.0,80.0,0,0,0,0,---,---
22.0,184.0,78.0,0,0,0,0,---,---
19.0,196.0,84.0,0,0,0,0,---,---
24.0,183.0,77.0,0,0,0,0,---,---
18.0,176.0,75.0,0,0,0,0,---,---
23.0,190.0,87.0,0,0,0,0,---,---
23.0,187.0,81.0,0,0,0,0,---,---
22.0,193.0,81.0,0,0,0,0,---,---
23.0,203.0,91.0,0,0,0,0,---,---
25.0,190.0,86.0,0,0,0,0,---,Bronze
18.0,173.0,50.0,0,0,0,0,---,---
23.0,195.0,87.0,0,0,0,0,---,---
23.0,186.0,70.0,0,0,0,0,---,---
28.0,196.0,84.0,0,0,0,0,---,Silver
19.0,193.0,87.0,0,0,0,0,---,---
23.0,175.0,57.0,0,0,0,0,---,---
21.0,192.0,78.0,0,0,0,0,---,---
21.0,175.0,68.0,0,0,0,0,---,---
30.0,187.0,83.0,0,0,0,0,---,---
17.0,187.0,80.0,0,0,0,0,---,---
28.0,179.0,74.0,0,0,0,0,---,---
20.0,182.0,79.0,0,0,0,0,---,---
20.0,186.0,90.0,0,0,0,0,---,---
21.0,175.0,70.0,0,0,0,0,---,---
22.0,194.0,87.0,0,0,0,0,---,---
25.0,199.0,81.0,0,0,0,0,---,---
22.0,182.0,83.0,0,0,0,0,---,---
21.0,186.0,82.0,0,0,0,0,---,---
19.0,182.0,75.0,0,0,0,0,---,---
22.0,195.0,87.0,0,0,0,0,---,---
24.0,196.0,86.0,0,0,0,0,---,---
25.0,193.0,86.0,0,0,0,0,---,---
19.0,190.0,82.0,0,1,0,0,---,---
22.0,192.0,86.0,0,0,0,0,---,---
18.0,172.0,75.0,0,0,0,0,---,---
24.0,190.0,90.0,0,0,0,0,---,---
30.0,186.0,81.0,0,0,0,0,---,---
29.0,193.0,93.0,0,0,0,0,---,---
20.0,188.0,69.0,0,0,0,0,---,---
27.0,178.0,68.0,0,0,0,0,---,---
24.0,190.0,84.0,0,0,0,0,---,---
21.0,178.0,73.0,0,0,0,0,---,Gold
20.0,177.0,70.0,0,0,0,0,---,---
15.0,174.0,72.0,0,0,0,0,---,---
22.0,185.0,72.0,0,0,0,0,---,---
22.0,180.0,78.0,0,0,0,0,---,---
17.0,186.0,78.0,0,0,0,0,---,---
18.0,174.0,80.0,0,0,0,0,---,---
18.0,185.0,75.0,0,0,0,0,---,---
20.0,185.0,82.0,0,0,0,0,---,---
21.0,188.0,88.0,0,0,0,0,---,---
27.0,190.0,82.0,0,0,0,0,Gold,Gold
20.0,191.0,82.0,0,0,0,0,---,---
36.0,185.0,78.0,0,0,0,0,---,Silver
17.0,183.0,66.0,0,0,0,0,---,---
29.0,185.0,72.0,0,0,0,0,---,---
24.0,186.0,74.0,0,0,0,0,Gold,Bronze
21.0,189.0,72.0,0,0,0,0,---,---
18.0,190.0,83.0,0,0,0,0,---,---
27.0,174.0,73.0,0,0,0,0,---,---
17.0,193.0,89.0,0,0,0,0,Gold,Gold
19.0,178.0,70.0,0,0,0,0,---,---
18.0,184.0,77.0,0,0,0,0,---,---
23.0,175.0,70.0,0,0,0,0,---,---
19.0,184.0,80.0,0,0,0,0,---,---
21.0,181.0,73.0,0,0,0,0,---,---
31.0,186.0,78.0,0,0,0,0,---,---
23.0,186.0,88.0,0,0,0,0,---,---
27.0,190.0,80.0,0,0,0,0,---,---
17.0,185.0,77.0,0,0,0,0,---,---
21.0,199.0,93.0,0,0,0,0,---,---
20.0,188.0,70.0,0,0,0,0,---,---
29.0,197.0,93.0,0,0,0,0,---,---
21.0,185.0,85.0,0,1,0,0,---,---
23.0,191.0,85.0,0,0,0,0,---,---
19.0,182.0,83.0,0,0,0,0,---,---
25.0,196.0,74.0,0,0,0,0,---,---
21.0,174.0,68.0,0,0,0,0,---,---
23.0,182.0,75.0,0,0,0,0,---,---
17.0,166.0,68.0,0,0,0,0,---,---
17.0,180.0,70.0,0,0,0,0,---,---
23.0,184.0,71.0,0,0,0,0,---,---
19.0,174.0,60.0,0,0,0,0,---,---
21.0,187.0,80.0,0,0,0,0,---,Bronze
21.0,198.0,100.0,0,0,0,0,---,---
26.0,178.0,80.0,0,0,0,0,---,---
30.0,191.0,95.0,0,0,0,0,Gold,Gold
24.0,189.0,83.0,0,0,0,0,---,Silver
17.0,160.0,70.0,0,0,0,0,---,---
19.0,190.0,82.0,0,0,0,0,---,---
18.0,182.0,78.0,0,0,0,0,---,---
23.0,185.0,77.0,0,0,0,0,---,---
27.0,184.0,80.0,0,0,0,0,---,---
22.0,196.0,88.0,0,0,0,0,---,---
14.0,180.0,75.0,0,0,0,0,---,---
16.0,171.0,62.0,0,0,0,0,---,---
23.0,198.0,100.0,0,0,0,0,Gold,Gold
23.0,179.0,64.0,0,0,0,0,---,---
16.0,171.0,62.0,0,0,0,0,---,---
21.0,188.0,76.0,0,0,0,0,---,---
18.0,193.0,80.0,0,0,0,0,---,---
18.0,187.0,82.0,0,0,0,0,---,---
23.0,190.0,95.0,0,0,0,0,---,---
22.0,180.0,79.0,0,0,0,0,Gold,Gold
18.0,185.0,76.5,0,0,0,0,---,---
25.0,186.0,79.0,0,0,0,0,---,---
26.0,181.0,84.0,0,0,0,0,---,---
23.0,190.0,89.0,0,0,0,0,---,---
22.0,185.0,73.0,0,0,0,0,---,---
23.0,191.0,85.0,0,0,0,0,---,---
20.0,193.0,82.0,0,0,0,0,---,Gold
24.0,176.0,70.0,0,0,0,0,---,---
18.0,177.0,70.0,0,0,0,0,---,---
16.0,174.0,60.0,0,0,0,0,---,---
20.0,184.0,75.0,0,0,0,0,---,---
23.0,184.0,77.0,0,0,0,0,---,Bronze
15.0,178.0,70.0,0,0,0,0,---,---
23.0,180.0,75.0,0,0,0,0,---,---
20.0,198.0,90.0,0,0,0,0,---,---
18.0,180.0,74.0,0,0,0,0,---,---
19.0,181.0,77.0,0,0,0,0,---,---
18.0,180.0,80.0,0,0,0,0,---,---
22.0,189.0,83.0,0,0,0,0,---,---
19.0,175.0,75.0,0,0,0,0,---,---
22.0,188.0,77.0,0,0,0,0,---,---
18.0,175.0,71.0,0,0,0,0,---,---
20.0,194.0,86.0,0,0,0,0,---,---
23.0,186.0,79.0,0,0,0,0,---,---
25.0,180.0,79.0,0,0,0,0,---,---
26.0,195.0,87.0,0,0,0,0,---,---
17.0,170.0,52.0,0,0,0,0,---,---
20.0,182.0,79.0,0,0,0,0,---,---
19.0,187.0,82.0,0,0,0,0,---,---
24.0,181.0,73.0,0,0,0,0,---,---
20.0,198.0,90.0,0,0,0,0,---,---
17.0,191.0,72.0,0,0,0,0,---,---
17.0,183.0,73.0,0,0,0,0,---,---
21.0,185.0,78.0,0,0,0,0,---,---
25.0,177.0,66.0,0,0,0,0,---,---
22.0,196.0,82.0,0,0,0,0,---,---
21.0,173.0,72.0,0,0,0,0,---,---
16.0,147.0,50.0,0,0,0,0,---,---
20.0,203.0,92.0,0,0,0,0,---,---
18.0,187.0,89.0,0,1,0,0,---,---
19.0,177.0,64.0,0,0,0,0,---,---
24.0,190.0,84.0,0,0,0,0,---,Bronze
24.0,185.0,78.0,0,0,0,0,---,---
18.0,160.0,47.0,0,0,0,0,---,---
21.0,187.0,81.0,0,0,0,0,---,---
25.0,178.0,68.0,0,0,0,0,---,---
23.0,188.0,88.0,0,0,0,0,---,---
24.0,182.0,75.0,0,0,0,0,---,---
24.0,193.0,86.0,1,0,0,0,---,---
22.0,191.0,84.0,0,0,0,0,---,---
24.0,181.0,72.0,0,0,0,0,---,---
21.0,189.0,80.0,0,0,0,0,---,---
24.0,191.0,80.0,0,0,0,0,---,---
20.0,187.0,80.0,0,0,0,0,---,---
22.0,205.0,110.0,0,0,0,0,---,---
21.0,190.0,84.0,0,0,0,0,---,---
19.0,195.0,88.0,0,0,0,0,---,---
20.0,201.0,88.0,0,0,0,0,Gold,Silver
18.0,196.0,88.0,0,0,0,0,---,---
29.0,185.0,71.0,0,0,0,0,---,---
19.0,177.0,72.0,0,0,0,0,---,---
26.0,198.0,90.0,0,0,0,0,Bronze,Bronze
18.0,185.0,76.5,0,0,0,0,---,---
20.0,179.0,78.0,0,0,0,0,---,---
23.0,188.0,78.0,0,0,0,0,---,---
19.0,180.0,65.0,0,0,0,0,---,---
20.0,187.0,84.0,0,0,0,0,---,---
23.0,179.0,64.0,0,0,0,0,---,---
21.0,185.0,73.0,0,0,0,0,---,---
19.0,188.0,83.0,0,0,0,0,---,---
21.0,187.0,79.0,0,0,0,0,---,---
18.0,181.0,75.0,0,0,0,0,---,---
19.0,188.0,80.0,0,0,0,0,---,---
24.0,193.0,85.0,0,0,0,0,Silver,Silver
16.0,175.0,62.0,0,0,0,0,---,---
21.0,191.0,86.0,0,0,0,0,---,---
23.0,180.0,80.0,0,0,0,0,---,---
25.0,200.0,95.0,0,0,0,0,---,---
28.0,183.0,80.0,0,0,0,0,---,---
18.0,179.0,84.0,0,0,0,0,---,Bronze
21.0,185.0,77.0,0,0,0,0,---,---
20.0,192.0,79.0,0,0,0,0,---,---
15.0,176.0,68.0,0,0,0,0,---,---
23.0,201.0,92.0,0,0,0,0,---,---
24.0,193.0,85.0,0,0,0,0,---,---
21.0,181.0,73.0,0,0,0,0,---,---
24.0,183.0,76.0,0,0,0,0,---,---
18.0,181.0,79.0,0,0,0,0,---,---
21.0,182.0,74.0,0,0,0,0,---,---
13.0,170.0,52.0,0,0,0,0,---,---
22.0,182.0,70.0,0,0,0,0,---,---
26.0,182.0,82.0,0,0,0,0,---,---
18.0,189.0,84.0,0,0,0,0,---,---
21.0,186.0,77.0,0,0,0,0,---,---
19.0,182.0,72.0,0,0,0,0,---,---
19.0,185.0,76.0,0,0,0,0,---,---
19.0,175.0,75.0,0,0,0,0,---,---
24.0,193.0,86.0,0,0,0,0,---,---
17.0,185.0,73.0,0,0,0,0,---,---
20.0,182.0,74.0,0,0,0,0,---,---
15.0,175.0,61.0,0,0,0,0,---,---
38.0,184.0,83.0,0,0,0,0,---,---
19.0,191.0,77.0,0,0,0,0,---,Silver
19.0,177.0,76.0,0,0,0,0,---,---
22.0,188.0,82.0,0,0,0,0,---,---
30.0,195.0,93.0,0,0,0,0,---,---
20.0,163.0,60.0,0,0,0,0,---,---
21.0,175.0,70.0,0,0,0,0,---,Gold
20.0,186.0,78.0,0,0,0,0,---,Bronze
15.0,177.0,70.0,0,0,0,0,---,---
20.0,189.0,83.0,0,0,0,0,---,---
21.0,187.0,81.0,0,0,0,0,---,---
19.0,177.0,62.0,0,0,0,0,---,---
15.0,176.0,68.0,0,0,0,0,---,---
22.0,180.0,73.0,0,0,0,0,---,---
19.0,182.0,75.0,0,0,0,0,---,---
17.0,182.0,85.0,0,0,0,0,---,---
19.0,173.0,68.0,0,0,0,0,---,---
22.0,177.0,70.0,0,0,0,0,---,---
28.0,202.0,91.0,0,0,0,0,---,---
24.0,193.0,101.0,0,0,0,0,---,---
22.0,188.0,77.0,0,0,0,0,---,---
20.0,185.0,79.0,0,0,0,0,---,---
22.0,187.0,84.0,0,0,0,0,---,---
18.0,175.0,70.0,0,0,0,0,---,---
17.0,173.0,67.0,0,0,0,0,---,---
26.0,185.0,80.0,0,0,0,0,---,---
21.0,191.0,74.0,0,0,0,0,---,---
16.0,185.0,75.0,0,0,0,0,---,Silver
29.0,178.0,72.0,0,0,0,0,---,Bronze
18.0,183.0,74.0,0,0,0,0,Gold,Gold
25.0,197.0,86.0,0,0,0,0,---,---
23.0,186.0,78.0,0,0,0,0,---,---
20.0,181.0,70.0,0,0,0,0,---,---
18.0,190.0,79.0,0,0,0,0,---,---
24.0,194.0,86.0,0,0,0,0,---,---
20.0,180.0,67.0,0,0,0,0,---,---
23.0,188.0,80.0,0,0,0,0,---,---
17.0,186.0,77.0,0,0,0,0,---,---
22.0,180.0,75.0,0,0,0,0,---,---
22.0,180.0,78.0,0,0,0,0,---,---
20.0,193.0,80.0,0,0,0,0,---,---
24.0,189.0,83.0,0,0,0,0,---,Gold
24.0,178.0,72.0,0,0,0,0,---,---
24.0,196.0,86.0,0,0,0,0,---,---
25.0,190.0,75.0,0,0,0,0,---,---
18.0,183.0,73.0,0,0,0,0,Bronze,---
20.0,185.0,80.0,0,0,0,0,---,---
19.0,179.0,73.0,0,0,0,0,Bronze,Gold
18.0,183.0,73.0,0,0,0,0,Gold,Gold
22.0,175.0,61.0,0,0,0,0,---,---
24.0,189.0,86.0,0,0,0,0,---,Gold
21.0,177.0,71.0,0,0,0,0,---,Gold
21.0,182.0,68.0,0,0,0,0,---,---
20.0,181.0,73.0,0,0,0,0,---,---
21.0,182.0,82.0,0,0,0,0,---,---
16.0,175.0,62.0,0,0,0,0,---,---
20.0,187.0,79.0,0,0,0,0,---,---
21.0,175.0,70.0,0,0,0,0,---,---
22.0,188.0,82.0,0,0,0,0,---,---
16.0,188.0,86.0,0,0,0,0,---,---
26.0,180.0,82.0,0,0,0,0,---,---
20.0,193.0,89.0,0,0,0,0,---,---
18.0,173.0,70.0,0,0,0,0,---,---
23.0,188.0,81.0,0,0,0,0,---,---
18.0,182.0,71.0,0,0,0,0,---,---
19.0,152.0,90.0,0,0,0,0,---,---
20.0,194.0,95.0,0,0,0,0,---,---
17.0,189.0,76.0,0,0,0,0,---,---
17.0,175.0,75.0,0,0,0,0,---,---
20.0,177.0,73.0,0,0,0,0,---,---
19.0,179.0,79.0,0,0,0,0,---,---
20.0,181.0,64.0,0,0,0,0,---,---
21.0,178.0,70.0,0,0,0,0,---,---
21.0,183.0,74.0,0,0,0,0,---,---
20.0,187.0,80.0,0,0,0,0,---,---
15.0,193.0,80.0,0,0,0,0,---,---
23.0,174.0,80.0,0,0,0,0,---,---
29.0,198.0,99.0,0,0,0,0,---,Gold
21.0,188.0,77.0,0,0,0,0,---,---
17.0,188.0,76.0,0,0,0,0,---,---
23.0,188.0,84.0,0,0,0,0,Gold,Gold
23.0,185.0,80.0,0,0,0,0,---,---
20.0,179.0,60.0,0,0,0,0,---,---
20.0,189.0,83.0,0,0,0,0,---,Gold
22.0,189.0,80.0,0,0,0,0,---,---
19.0,188.0,86.0,0,0,0,0,---,---
19.0,171.0,65.0,0,0,0,0,---,---
26.0,186.0,74.0,0,0,0,0,---,---
20.0,193.0,86.0,0,0,0,0,---,---
18.0,186.0,83.0,0,0,0,0,---,---
22.0,193.0,83.0,0,0,0,0,---,---
24.0,189.0,76.0,0,0,0,0,---,---
23.0,182.0,80.0,0,0,0,0,---,---
23.0,187.0,72.0,0,0,0,0,Bronze,Bronze
18.0,183.0,80.0,0,0,0,0,---,---
24.0,186.0,84.0,0,0,0,0,---,---
26.0,193.0,96.0,0,0,0,0,---,---
18.0,186.0,80.0,0,0,0,0,---,---
22.0,183.0,73.0,0,0,0,0,---,---
18.0,190.0,84.0,0,0,0,0,---,---
22.0,182.0,78.0,0,0,0,0,---,Silver
17.0,181.0,74.0,0,0,0,0,---,---
18.0,190.0,77.0,0,0,0,0,---,Gold
20.0,183.0,80.0,0,0,0,0,---,---
22.0,196.0,84.0,0,0,0,0,---,---
21.0,175.0,75.0,0,0,0,0,---,---
25.0,194.0,90.0,0,0,0,0,---,---
17.0,188.0,80.0,0,0,0,0,Silver,Silver
18.0,183.0,86.0,0,0,0,0,---,---
26.0,186.0,79.0,0,0,0,0,---,Bronze
19.0,170.0,73.0,0,0,0,0,---,---
17.0,183.0,73.0,0,0,0,0,---,---
21.0,187.0,76.0,0,0,0,0,---,---
24.0,177.0,72.0,0,0,0,0,---,---
19.0,190.0,76.0,0,0,0,0,---,---
18.0,182.0,64.0,0,0,0,0,---,---
20.0,180.0,75.0,0,0,0,0,---,---
28.0,200.0,87.0,0,0,0,0,---,---
25.0,188.0,78.0,0,0,0,0,---,---
21.0,185.0,82.0,0,0,0,0,---,---
24.0,174.0,73.0,0,0,0,0,---,---
19.0,183.0,76.0,0,0,0,0,---,---
21.0,194.0,81.0,0,0,0,0,---,---
21.0,196.0,95.0,0,0,0,0,---,---
19.0,185.0,87.0,0,0,0,0,---,---
21.0,193.0,93.0,0,0,0,0,---,---
24.0,201.0,88.0,0,0,0,0,---,---
22.0,174.0,70.0,0,0,0,0,---,---
19.0,189.0,77.0,0,0,0,0,Gold,Gold
18.0,176.0,72.0,0,0,0,0,---,---
25.0,198.0,99.0,0,0,0,0,Gold,Gold
17.0,190.0,80.0,0,0,0,0,---,---
18.0,188.0,84.0,0,0,0,0,---,---
18.0,191.0,81.0,0,0,0,0,---,---
19.0,195.0,90.0,0,0,0,0,---,---
19.0,184.0,77.0,0,0,0,0,---,---
17.0,185.0,75.0,0,0,0,0,---,---
24.0,185.0,82.0,0,0,0,0,---,---
26.0,182.0,76.0,0,0,0,0,---,---
17.0,171.0,70.0,0,0,0,0,---,Bronze
25.0,185.0,71.0,0,0,0,0,---,---
21.0,178.0,80.0,0,0,0,0,---,---
20.0,196.0,84.0,0,0,0,0,Gold,Gold
20.0,196.0,92.0,0,0,0,0,---,---
22.0,183.0,74.0,0,0,0,0,---,---
18.0,190.0,74.0,0,0,0,0,---,---
23.0,198.0,100.0,0,0,0,0,---,Gold
20.0,185.0,80.0,0,0,0,0,---,---
20.0,185.0,73.0,0,0,0,0,---,---
24.0,194.0,99.0,0,0,0,0,---,---
22.0,187.0,82.0,0,0,0,0,---,---
18.0,192.0,89.0,0,0,0,0,---,---
21.0,175.0,64.0,0,0,0,0,---,---
24.0,190.0,84.0,0,0,0,0,---,---
26.0,189.0,84.0,0,0,0,0,---,---
19.0,185.0,85.0,0,0,0,0,---,---
24.0,178.0,65.0,0,0,0,0,---,---
24.0,198.0,87.0,0,0,0,0,---,---
21.0,177.0,75.0,0,0,0,0,---,---
25.0,192.0,88.0,0,0,0,0,---,---
23.0,185.0,77.0,0,0,0,0,---,Gold
25.0,186.0,78.0,0,0,0,0,---,---
22.0,195.0,83.0,0,0,0,0,---,---
17.0,175.0,81.0,0,0,0,0,---,---
18.0,193.0,85.0,0,0,0,0,---,---
19.0,190.0,87.0,0,0,0,0,---,---
20.0,181.0,66.0,0,0,0,0,---,---
23.0,185.0,81.0,0,0,0,0,---,---
18.0,193.0,88.0,0,0,0,0,---,---
17.0,182.0,75.0,0,0,0,0,---,---
17.0,186.0,69.0,0,0,0,0,---,---
19.0,184.0,80.0,0,0,0,0,---,---
21.0,190.0,88.0,0,0,0,0,---,---
19.0,181.0,72.0,0,0,0,0,---,---
21.0,169.0,62.0,0,0,0,0,---,---
17.0,180.0,68.0,0,0,0,0,---,---
23.0,189.0,85.0,0,0,0,0,---,---
18.0,190.0,79.0,0,0,0,0,---,---
16.0,173.0,63.0,0,0,0,0,---,---
33.0,174.0,70.0,0,0,0,0,---,---
18.0,182.0,70.0,0,0,0,0,---,---
22.0,185.0,87.0,0,0,0,0,---,---
20.0,187.0,87.0,0,0,0,0,---,---
15.0,166.0,51.0,0,0,0,0,---,---
22.0,176.0,72.0,0,0,0,0,---,---
25.0,175.0,75.0,0,0,0,0,---,Silver
19.0,184.0,75.0,0,0,0,0,---,---
18.0,182.0,81.0,0,0,0,0,---,---
22.0,189.0,84.0,0,0,0,0,---,Gold
23.0,187.0,82.0,0,0,0,0,---,---
26.0,178.0,71.0,0,0,0,0,---,---
17.0,180.0,73.0,0,0,0,0,---,---
22.0,190.0,80.0,0,0,0,0,---,---
17.0,170.0,61.0,0,0,0,0,---,---
17.0,190.0,78.0,0,0,0,0,---,---
19.0,179.0,59.0,0,0,0,0,---,---
20.0,201.0,86.0,0,0,0,0,---,---
19.0,185.0,75.0,0,0,0,0,---,---
20.0,177.0,67.0,0,0,0,0,---,---
18.0,173.0,68.0,0,0,0,0,---,---
25.0,193.0,88.0,0,0,0,0,---,---
24.0,180.0,73.0,0,0,0,0,---,---
25.0,190.0,84.0,0,0,0,0,---,---
20.0,190.0,88.0,0,0,0,0,---,---
19.0,188.0,86.0,0,0,0,0,---,---
20.0,185.0,73.0,0,0,0,0,---,---
19.0,175.0,68.0,0,0,0,0,---,---
25.0,180.0,79.0,0,0,0,0,---,---
21.0,185.0,75.0,0,0,0,0,---,---
28.0,195.0,92.0,0,0,0,0,---,---
23.0,183.0,74.0,0,0,0,0,---,---
23.0,173.0,73.0,0,0,0,0,---,---
21.0,186.0,86.0,0,0,0,0,---,Gold
21.0,192.0,96.0,0,0,0,0,---,---
24.0,180.0,80.0,0,0,0,0,---,---
21.0,187.0,78.0,0,0,0,0,---,---
21.0,184.0,68.0,0,0,0,0,---,---
21.0,180.0,86.0,0,0,0,0,---,---
19.0,183.0,73.0,0,0,0,0,Bronze,---
20.0,183.0,74.0,0,0,0,0,---,Gold
16.0,176.0,66.0,0,0,0,0,---,---
24.0,188.0,80.0,0,0,0,0,---,---
20.0,190.0,84.0,0,0,0,0,---,---
23.0,175.0,66.0,0,0,0,0,---,---
19.0,192.0,82.0,0,0,0,0,---,---
16.0,185.0,83.0,0,0,0,0,---,---
20.0,197.0,82.0,0,0,0,0,---,---
22.0,175.0,70.0,0,0,0,0,---,---
22.0,192.0,88.0,0,0,0,0,---,Silver
20.0,198.0,87.0,0,0,0,0,---,---
20.0,190.0,85.0,0,0,0,0,---,---
28.0,188.0,80.0,0,0,0,0,Gold,Gold
18.0,182.0,76.0,0,0,0,0,---,---
18.0,180.0,73.0,0,0,0,0,---,---
20.0,183.0,83.0,0,0,0,0,---,---
24.0,178.0,75.0,0,1,0,0,---,---
21.0,186.0,80.0,0,0,0,0,Gold,Gold
20.0,180.0,74.0,0,0,0,0,---,---
17.0,190.0,75.0,0,0,0,0,---,---
21.0,194.0,94.0,0,0,0,0,---,---
19.0,190.0,79.0,0,0,0,0,---,---
23.0,183.0,70.0,0,0,0,0,Gold,Gold
22.0,198.0,97.0,0,0,0,0,Bronze,Bronze
21.0,180.0,73.0,0,0,0,0,---,---
26.0,187.0,83.0,0,0,0,0,---,---
18.0,187.0,91.0,0,0,0,0,---,---
27.0,193.0,90.0,0,0,0,0,---,---
21.0,181.0,75.0,0,0,0,0,---,---
28.0,187.0,87.0,0,0,0,0,---,---
17.0,186.0,76.0,0,0,0,0,---,---
23.0,190.0,78.0,0,0,0,0,---,---
24.0,184.0,75.0,0,0,0,0,---,---
25.0,193.0,87.0,0,0,0,0,---,---
19.0,167.0,67.0,0,0,0,0,---,---
18.0,191.0,84.0,0,0,0,0,---,---
22.0,183.0,84.0,0,0,0,0,Silver,Silver
23.0,178.0,63.0,0,0,0,0,---,---
19.0,168.0,63.0,0,0,0,0,---,---
26.0,185.0,70.0,0,0,0,0,---,---
25.0,183.0,75.0,0,0,0,0,---,---
24.0,196.0,92.0,0,0,0,0,---,---
19.0,188.0,71.0,0,0,0,0,---,---
24.0,177.0,72.0,0,0,0,0,---,---
31.0,200.0,85.0,0,0,0,0,---,---
18.0,182.0,70.0,0,0,0,0,---,---
23.0,185.0,74.0,0,0,0,0,---,---
23.0,184.0,75.0,0,0,0,0,---,---
22.0,184.0,93.0,0,0,0,0,---,---
20.0,175.0,66.0,0,0,0,0,---,---
22.0,187.0,84.0,0,0,0,0,---,---
22.0,175.0,68.0,0,0,0,0,---,---
28.0,193.0,98.0,0,0,0,0,---,---
19.0,160.0,60.0,0,0,0,0,---,---
21.0,180.0,80.0,0,0,0,0,---,---
20.0,184.0,67.0,0,0,0,0,---,---
22.0,200.0,91.0,0,0,0,0,Gold,Gold
26.0,176.0,74.0,0,0,0,0,---,---
27.0,191.0,89.0,0,0,0,0,---,---
20.0,198.0,88.0,0,0,0,0,Gold,Gold
22.0,185.0,73.0,0,0,0,0,---,---
18.0,194.0,90.0,0,0,0,0,---,---
17.0,185.0,80.0,0,0,0,0,---,---
19.0,193.0,84.0,0,0,0,0,---,---
24.0,183.0,58.0,0,0,0,0,---,---
19.0,167.0,68.0,0,0,0,0,---,Gold
19.0,190.0,74.0,0,0,0,0,---,---
27.0,190.0,85.0,0,0,0,0,---,Bronze
18.0,186.0,69.0,0,0,0,0,---,---
22.0,196.0,94.0,0,1,0,0,---,---
21.0,200.0,84.0,0,0,0,0,---,---
21.0,181.0,73.0,0,0,0,0,---,---
20.0,175.0,75.0,0,0,0,0,---,---
22.0,193.0,90.0,0,0,0,0,---,---
18.0,184.0,76.0,0,0,0,0,---,Gold
26.0,193.0,96.0,0,0,0,0,---,---
19.0,172.0,68.0,0,0,0,0,---,---
19.0,188.0,85.0,0,0,0,0,---,---
19.0,187.0,77.0,0,0,0,0,---,---
19.0,190.0,82.0,0,0,0,0,Gold,Gold
27.0,190.0,87.0,0,0,0,0,---,---
22.0,188.0,80.0,0,0,0,0,---,---
19.0,178.0,72.0,0,0,0,0,---,---
21.0,197.0,82.0,0,0,0,0,---,---
19.0,175.0,85.0,0,0,0,0,---,---
24.0,180.0,73.0,0,0,0,0,---,---
24.0,180.0,82.0,0,0,0,0,---,---
19.0,179.0,73.0,0,0,0,0,Gold,Gold
20.0,184.0,86.0,0,0,0,0,---,---
21.0,188.0,80.0,0,0,0,0,---,---
24.0,195.0,90.0,0,0,0,0,---,---
21.0,176.0,70.0,0,0,0,0,---,---
22.0,169.0,72.0,0,0,0,0,---,---
17.0,181.0,73.0,0,0,0,0,---,---
23.0,178.0,73.0,0,0,0,0,---,---
31.0,177.0,76.0,0,0,0,0,---,---
18.0,181.0,69.0,0,0,0,0,---,---
16.0,170.0,68.0,0,0,0,0,---,---
21.0,183.0,70.0,0,0,0,0,---,---
22.0,174.0,72.0,0,0,0,0,---,---
25.0,186.0,79.0,0,0,0,0,---,---
25.0,179.0,70.0,0,0,0,0,---,---
23.0,187.0,70.0,0,0,0,0,---,---
20.0,185.0,79.0,0,0,0,0,---,---
19.0,180.0,70.0,0,0,0,0,---,---
25.0,171.0,70.0,0,0,0,0,---,---
20.0,184.0,74.0,0,0,0,0,---,---
19.0,195.0,80.0,0,0,0,0,---,---
25.0,200.0,85.0,0,0,0,0,---,---
16.0,174.0,68.0,0,0,0,0,---,---
16.0,171.0,62.0,0,0,0,0,---,---
24.0,177.0,76.0,0,0,0,0,---,---
26.0,186.0,85.0,0,0,0,0,---,---
23.0,187.0,83.0,0,0,0,0,---,---
26.0,185.0,77.0,0,0,0,0,---,---
20.0,180.0,73.0,0,0,0,0,---,---
25.0,192.0,90.0,0,0,0,0,---,---
20.0,184.0,76.0,0,0,0,0,---,---
19.0,184.0,74.0,0,0,0,0,---,---
18.0,180.0,79.0,0,0,0,0,---,Gold
18.0,183.0,86.0,0,0,0,0,---,---
22.0,185.0,79.0,0,0,0,0,---,---
22.0,187.0,84.0,0,0,0,0,---,---
20.0,183.0,64.0,0,0,0,0,---,Bronze
24.0,190.0,85.0,0,0,0,0,Bronze,Bronze
19.0,175.0,68.0,0,0,0,0,---,---
18.0,178.0,71.0,0,0,0,0,---,---
23.0,195.0,90.0,0,0,0,0,---,---
28.0,202.0,105.0,0,0,0,0,---,---
20.0,194.0,93.0,0,0,0,0,---,---
19.0,183.0,78.0,0,0,0,0,---,---
20.0,173.0,71.0,0,0,0,0,---,---
20.0,192.0,90.0,0,0,0,0,---,Bronze
21.0,172.0,62.0,0,0,0,0,---,---
18.0,167.0,53.0,0,0,0,0,---,---
22.0,177.0,70.0,0,0,0,0,---,---
21.0,191.0,74.0,0,0,0,0,---,---
32.0,185.0,91.0,0,0,0,0,---,---
19.0,177.0,65.0,0,0,0,0,---,---
20.0,177.0,60.0,0,0,0,0,---,---
22.0,184.0,74.0,0,0,0,0,---,---
14.0,175.0,68.0,0,0,0,0,---,---
26.0,186.0,81.0,0,0,0,0,---,---
